StartTime,EndTime,SolarPowerGeneration
01/02/2023 00:00,01/02/2023 01:00,0
01/02/2023 01:00,01/02/2023 02:00,0
01/02/2023 02:00,01/02/2023 03:00,0
01/02/2023 03:00,01/02/2023 04:00,0
01/02/2023 04:00,01/02/2023 05:00,0
01/02/2023 05:00,01/02/2023 06:00,0
01/02/2023 06:00,01/02/2023 07:00,0
01/02/2023 07:00,01/02/2023 08:00,0
01/02/2023 08:00,01/02/2023 09:00,0
01/02/2023 09:00,01/02/2023 10:00,0
01/02/2023 10:00,01/02/2023 11:00,4.2
01/02/2023 11:00,01/02/2023 12:00,27.7
01/02/2023 12:00,01/02/2023 13:00,44.8
01/02/2023 13:00,01/02/2023 14:00,46.4
01/02/2023 14:00,01/02/2023 15:00,39.9
01/02/2023 15:00,01/02/2023 16:00,34.7
01/02/2023 16:00,01/02/2023 17:00,7.9
01/02/2023 17:00,01/02/2023 18:00,0
01/02/2023 18:00,01/02/2023 19:00,0
01/02/2023 19:00,01/02/2023 20:00,0
01/02/2023 20:00,01/02/2023 21:00,0
01/02/2023 21:00,01/02/2023 22:00,0
01/02/2023 22:00,01/02/2023 23:00,0
01/02/2023 23:00,02/02/2023 00:00,0
02/02/2023 00:00,02/02/2023 01:00,0
02/02/2023 01:00,02/02/2023 02:00,0
02/02/2023 02:00,02/02/2023 03:00,0
02/02/2023 03:00,02/02/2023 04:00,0
02/02/2023 04:00,02/02/2023 05:00,0
02/02/2023 05:00,02/02/2023 06:00,0
02/02/2023 06:00,02/02/2023 07:00,0
02/02/2023 07:00,02/02/2023 08:00,0
02/02/2023 08:00,02/02/2023 09:00,0
02/02/2023 09:00,02/02/2023 10:00,0
02/02/2023 10:00,02/02/2023 11:00,4
02/02/2023 11:00,02/02/2023 12:00,28.1
02/02/2023 12:00,02/02/2023 13:00,46.7
02/02/2023 13:00,02/02/2023 14:00,51.2
02/02/2023 14:00,02/02/2023 15:00,41.8
02/02/2023 15:00,02/02/2023 16:00,44.3
02/02/2023 16:00,02/02/2023 17:00,14.5
02/02/2023 17:00,02/02/2023 18:00,0
02/02/2023 18:00,02/02/2023 19:00,0
02/02/2023 19:00,02/02/2023 20:00,0
02/02/2023 20:00,02/02/2023 21:00,0
02/02/2023 21:00,02/02/2023 22:00,0
02/02/2023 22:00,02/02/2023 23:00,0
02/02/2023 23:00,03/02/2023 00:00,0
03/02/2023 00:00,03/02/2023 01:00,0
03/02/2023 01:00,03/02/2023 02:00,0
03/02/2023 02:00,03/02/2023 03:00,0
03/02/2023 03:00,03/02/2023 04:00,0
03/02/2023 04:00,03/02/2023 05:00,0
03/02/2023 05:00,03/02/2023 06:00,0
03/02/2023 06:00,03/02/2023 07:00,0
03/02/2023 07:00,03/02/2023 08:00,0
03/02/2023 08:00,03/02/2023 09:00,0
03/02/2023 09:00,03/02/2023 10:00,0
03/02/2023 10:00,03/02/2023 11:00,4.6
03/02/2023 11:00,03/02/2023 12:00,29.6
03/02/2023 12:00,03/02/2023 13:00,35.3
03/02/2023 13:00,03/02/2023 14:00,44
03/02/2023 14:00,03/02/2023 15:00,46.3
03/02/2023 15:00,03/02/2023 16:00,29.7
03/02/2023 16:00,03/02/2023 17:00,9.3
03/02/2023 17:00,03/02/2023 18:00,0
03/02/2023 18:00,03/02/2023 19:00,0
03/02/2023 19:00,03/02/2023 20:00,0
03/02/2023 20:00,03/02/2023 21:00,0
03/02/2023 21:00,03/02/2023 22:00,0
03/02/2023 22:00,03/02/2023 23:00,0
03/02/2023 23:00,04/02/2023 00:00,0
04/02/2023 00:00,04/02/2023 01:00,0
04/02/2023 01:00,04/02/2023 02:00,0
04/02/2023 02:00,04/02/2023 03:00,0
04/02/2023 03:00,04/02/2023 04:00,0
04/02/2023 04:00,04/02/2023 05:00,0
04/02/2023 05:00,04/02/2023 06:00,0
04/02/2023 06:00,04/02/2023 07:00,0
04/02/2023 07:00,04/02/2023 08:00,0
04/02/2023 08:00,04/02/2023 09:00,0
04/02/2023 09:00,04/02/2023 10:00,0
04/02/2023 10:00,04/02/2023 11:00,13.2
04/02/2023 11:00,04/02/2023 12:00,47
04/02/2023 12:00,04/02/2023 13:00,72
04/02/2023 13:00,04/02/2023 14:00,87.3
04/02/2023 14:00,04/02/2023 15:00,86.7
04/02/2023 15:00,04/02/2023 16:00,68.5
04/02/2023 16:00,04/02/2023 17:00,27.7
04/02/2023 17:00,04/02/2023 18:00,0
04/02/2023 18:00,04/02/2023 19:00,0
04/02/2023 19:00,04/02/2023 20:00,0
04/02/2023 20:00,04/02/2023 21:00,0
04/02/2023 21:00,04/02/2023 22:00,0
04/02/2023 22:00,04/02/2023 23:00,0
04/02/2023 23:00,05/02/2023 00:00,0
05/02/2023 00:00,05/02/2023 01:00,0
05/02/2023 01:00,05/02/2023 02:00,0
05/02/2023 02:00,05/02/2023 03:00,0
05/02/2023 03:00,05/02/2023 04:00,0
05/02/2023 04:00,05/02/2023 05:00,0
05/02/2023 05:00,05/02/2023 06:00,0
05/02/2023 06:00,05/02/2023 07:00,0
05/02/2023 07:00,05/02/2023 08:00,0
05/02/2023 08:00,05/02/2023 09:00,0
05/02/2023 09:00,05/02/2023 10:00,0
05/02/2023 10:00,05/02/2023 11:00,7
05/02/2023 11:00,05/02/2023 12:00,29.4
05/02/2023 12:00,05/02/2023 13:00,46.6
05/02/2023 13:00,05/02/2023 14:00,44.7
05/02/2023 14:00,05/02/2023 15:00,33.2
05/02/2023 15:00,05/02/2023 16:00,27.4
05/02/2023 16:00,05/02/2023 17:00,8.3
05/02/2023 17:00,05/02/2023 18:00,0
05/02/2023 18:00,05/02/2023 19:00,0
05/02/2023 19:00,05/02/2023 20:00,0
05/02/2023 20:00,05/02/2023 21:00,0
05/02/2023 21:00,05/02/2023 22:00,0
05/02/2023 22:00,05/02/2023 23:00,0
05/02/2023 23:00,06/02/2023 00:00,0
06/02/2023 00:00,06/02/2023 01:00,0
06/02/2023 01:00,06/02/2023 02:00,0
06/02/2023 02:00,06/02/2023 03:00,0
06/02/2023 03:00,06/02/2023 04:00,0
06/02/2023 04:00,06/02/2023 05:00,0
06/02/2023 05:00,06/02/2023 06:00,0
06/02/2023 06:00,06/02/2023 07:00,0
06/02/2023 07:00,06/02/2023 08:00,0
06/02/2023 08:00,06/02/2023 09:00,0
06/02/2023 09:00,06/02/2023 10:00,0
06/02/2023 10:00,06/02/2023 11:00,23.6
06/02/2023 11:00,06/02/2023 12:00,64.6
06/02/2023 12:00,06/02/2023 13:00,93.3
06/02/2023 13:00,06/02/2023 14:00,107.9
06/02/2023 14:00,06/02/2023 15:00,95.8
06/02/2023 15:00,06/02/2023 16:00,72.6
06/02/2023 16:00,06/02/2023 17:00,30.8
06/02/2023 17:00,06/02/2023 18:00,0
06/02/2023 18:00,06/02/2023 19:00,0
06/02/2023 19:00,06/02/2023 20:00,0
06/02/2023 20:00,06/02/2023 21:00,0
06/02/2023 21:00,06/02/2023 22:00,0
06/02/2023 22:00,06/02/2023 23:00,0
06/02/2023 23:00,07/02/2023 00:00,0
07/02/2023 00:00,07/02/2023 01:00,0
07/02/2023 01:00,07/02/2023 02:00,0
07/02/2023 02:00,07/02/2023 03:00,0
07/02/2023 03:00,07/02/2023 04:00,0
07/02/2023 04:00,07/02/2023 05:00,0
07/02/2023 05:00,07/02/2023 06:00,0
07/02/2023 06:00,07/02/2023 07:00,0
07/02/2023 07:00,07/02/2023 08:00,0
07/02/2023 08:00,07/02/2023 09:00,0
07/02/2023 09:00,07/02/2023 10:00,0
07/02/2023 10:00,07/02/2023 11:00,13.9
07/02/2023 11:00,07/02/2023 12:00,38.6
07/02/2023 12:00,07/02/2023 13:00,52.9
07/02/2023 13:00,07/02/2023 14:00,52.9
07/02/2023 14:00,07/02/2023 15:00,42.7
07/02/2023 15:00,07/02/2023 16:00,38.9
07/02/2023 16:00,07/02/2023 17:00,12.9
07/02/2023 17:00,07/02/2023 18:00,0
07/02/2023 18:00,07/02/2023 19:00,0
07/02/2023 19:00,07/02/2023 20:00,0
07/02/2023 20:00,07/02/2023 21:00,0
07/02/2023 21:00,07/02/2023 22:00,0
07/02/2023 22:00,07/02/2023 23:00,0
07/02/2023 23:00,08/02/2023 00:00,0
08/02/2023 00:00,08/02/2023 01:00,0
08/02/2023 01:00,08/02/2023 02:00,0
08/02/2023 02:00,08/02/2023 03:00,0
08/02/2023 03:00,08/02/2023 04:00,0
08/02/2023 04:00,08/02/2023 05:00,0
08/02/2023 05:00,08/02/2023 06:00,0
08/02/2023 06:00,08/02/2023 07:00,0
08/02/2023 07:00,08/02/2023 08:00,0
08/02/2023 08:00,08/02/2023 09:00,0
08/02/2023 09:00,08/02/2023 10:00,0
08/02/2023 10:00,08/02/2023 11:00,9
08/02/2023 11:00,08/02/2023 12:00,30.4
08/02/2023 12:00,08/02/2023 13:00,40.4
08/02/2023 13:00,08/02/2023 14:00,44.5
08/02/2023 14:00,08/02/2023 15:00,42.1
08/02/2023 15:00,08/02/2023 16:00,32.2
08/02/2023 16:00,08/02/2023 17:00,13.8
08/02/2023 17:00,08/02/2023 18:00,0
08/02/2023 18:00,08/02/2023 19:00,0
08/02/2023 19:00,08/02/2023 20:00,0
08/02/2023 20:00,08/02/2023 21:00,0
08/02/2023 21:00,08/02/2023 22:00,0
08/02/2023 22:00,08/02/2023 23:00,0
08/02/2023 23:00,09/02/2023 00:00,0
09/02/2023 00:00,09/02/2023 01:00,0
09/02/2023 01:00,09/02/2023 02:00,0
09/02/2023 02:00,09/02/2023 03:00,0
09/02/2023 03:00,09/02/2023 04:00,0
09/02/2023 04:00,09/02/2023 05:00,0
09/02/2023 05:00,09/02/2023 06:00,0
09/02/2023 06:00,09/02/2023 07:00,0
09/02/2023 07:00,09/02/2023 08:00,0
09/02/2023 08:00,09/02/2023 09:00,0
09/02/2023 09:00,09/02/2023 10:00,0
09/02/2023 10:00,09/02/2023 11:00,17.6
09/02/2023 11:00,09/02/2023 12:00,33.4
09/02/2023 12:00,09/02/2023 13:00,59.4
09/02/2023 13:00,09/02/2023 14:00,57.1
09/02/2023 14:00,09/02/2023 15:00,55.5
09/02/2023 15:00,09/02/2023 16:00,37.6
09/02/2023 16:00,09/02/2023 17:00,19.1
09/02/2023 17:00,09/02/2023 18:00,0
09/02/2023 18:00,09/02/2023 19:00,0
09/02/2023 19:00,09/02/2023 20:00,0
09/02/2023 20:00,09/02/2023 21:00,0
09/02/2023 21:00,09/02/2023 22:00,0
09/02/2023 22:00,09/02/2023 23:00,0
09/02/2023 23:00,10/02/2023 00:00,0
10/02/2023 00:00,10/02/2023 01:00,0
10/02/2023 01:00,10/02/2023 02:00,0
10/02/2023 02:00,10/02/2023 03:00,0
10/02/2023 03:00,10/02/2023 04:00,0
10/02/2023 04:00,10/02/2023 05:00,0
10/02/2023 05:00,10/02/2023 06:00,0
10/02/2023 06:00,10/02/2023 07:00,0
10/02/2023 07:00,10/02/2023 08:00,0
10/02/2023 08:00,10/02/2023 09:00,0
10/02/2023 09:00,10/02/2023 10:00,0
10/02/2023 10:00,10/02/2023 11:00,21.9
10/02/2023 11:00,10/02/2023 12:00,59
10/02/2023 12:00,10/02/2023 13:00,95.7
10/02/2023 13:00,10/02/2023 14:00,112.1
10/02/2023 14:00,10/02/2023 15:00,106.4
10/02/2023 15:00,10/02/2023 16:00,84.1
10/02/2023 16:00,10/02/2023 17:00,47.4
10/02/2023 17:00,10/02/2023 18:00,1.7
10/02/2023 18:00,10/02/2023 19:00,0
10/02/2023 19:00,10/02/2023 20:00,0
10/02/2023 20:00,10/02/2023 21:00,0
10/02/2023 21:00,10/02/2023 22:00,0
10/02/2023 22:00,10/02/2023 23:00,0
10/02/2023 23:00,11/02/2023 00:00,0
11/02/2023 00:00,11/02/2023 01:00,0
11/02/2023 01:00,11/02/2023 02:00,0
11/02/2023 02:00,11/02/2023 03:00,0
11/02/2023 03:00,11/02/2023 04:00,0
11/02/2023 04:00,11/02/2023 05:00,0
11/02/2023 05:00,11/02/2023 06:00,0
11/02/2023 06:00,11/02/2023 07:00,0
11/02/2023 07:00,11/02/2023 08:00,0
11/02/2023 08:00,11/02/2023 09:00,0
11/02/2023 09:00,11/02/2023 10:00,0.1
11/02/2023 10:00,11/02/2023 11:00,31.4
11/02/2023 11:00,11/02/2023 12:00,79.7
11/02/2023 12:00,11/02/2023 13:00,118.5
11/02/2023 13:00,11/02/2023 14:00,139.7
11/02/2023 14:00,11/02/2023 15:00,130.1
11/02/2023 15:00,11/02/2023 16:00,99.4
11/02/2023 16:00,11/02/2023 17:00,57.3
11/02/2023 17:00,11/02/2023 18:00,3.6
11/02/2023 18:00,11/02/2023 19:00,0
11/02/2023 19:00,11/02/2023 20:00,0
11/02/2023 20:00,11/02/2023 21:00,0
11/02/2023 21:00,11/02/2023 22:00,0
11/02/2023 22:00,11/02/2023 23:00,0
11/02/2023 23:00,12/02/2023 00:00,0
12/02/2023 00:00,12/02/2023 01:00,0
12/02/2023 01:00,12/02/2023 02:00,0
12/02/2023 02:00,12/02/2023 03:00,0
12/02/2023 03:00,12/02/2023 04:00,0
12/02/2023 04:00,12/02/2023 05:00,0
12/02/2023 05:00,12/02/2023 06:00,0
12/02/2023 06:00,12/02/2023 07:00,0
12/02/2023 07:00,12/02/2023 08:00,0
12/02/2023 08:00,12/02/2023 09:00,0
12/02/2023 09:00,12/02/2023 10:00,0.6
12/02/2023 10:00,12/02/2023 11:00,16.1
12/02/2023 11:00,12/02/2023 12:00,34.6
12/02/2023 12:00,12/02/2023 13:00,56.7
12/02/2023 13:00,12/02/2023 14:00,68.7
12/02/2023 14:00,12/02/2023 15:00,51.6
12/02/2023 15:00,12/02/2023 16:00,50
12/02/2023 16:00,12/02/2023 17:00,28.3
12/02/2023 17:00,12/02/2023 18:00,0.9
12/02/2023 18:00,12/02/2023 19:00,0
12/02/2023 19:00,12/02/2023 20:00,0
12/02/2023 20:00,12/02/2023 21:00,0
12/02/2023 21:00,12/02/2023 22:00,0
12/02/2023 22:00,12/02/2023 23:00,0
12/02/2023 23:00,13/02/2023 00:00,0
13/02/2023 00:00,13/02/2023 01:00,0
13/02/2023 01:00,13/02/2023 02:00,0
13/02/2023 02:00,13/02/2023 03:00,0
13/02/2023 03:00,13/02/2023 04:00,0
13/02/2023 04:00,13/02/2023 05:00,0
13/02/2023 05:00,13/02/2023 06:00,0
13/02/2023 06:00,13/02/2023 07:00,0
13/02/2023 07:00,13/02/2023 08:00,0
13/02/2023 08:00,13/02/2023 09:00,0
13/02/2023 09:00,13/02/2023 10:00,0.7
13/02/2023 10:00,13/02/2023 11:00,32.1
13/02/2023 11:00,13/02/2023 12:00,64.8
13/02/2023 12:00,13/02/2023 13:00,95.6
13/02/2023 13:00,13/02/2023 14:00,110.4
13/02/2023 14:00,13/02/2023 15:00,91.7
13/02/2023 15:00,13/02/2023 16:00,76.6
13/02/2023 16:00,13/02/2023 17:00,49.3
13/02/2023 17:00,13/02/2023 18:00,2.9
13/02/2023 18:00,13/02/2023 19:00,0
13/02/2023 19:00,13/02/2023 20:00,0
13/02/2023 20:00,13/02/2023 21:00,0
13/02/2023 21:00,13/02/2023 22:00,0
13/02/2023 22:00,13/02/2023 23:00,0
13/02/2023 23:00,14/02/2023 00:00,0
14/02/2023 00:00,14/02/2023 01:00,0
14/02/2023 01:00,14/02/2023 02:00,0
14/02/2023 02:00,14/02/2023 03:00,0
14/02/2023 03:00,14/02/2023 04:00,0
14/02/2023 04:00,14/02/2023 05:00,0
14/02/2023 05:00,14/02/2023 06:00,0
14/02/2023 06:00,14/02/2023 07:00,0
14/02/2023 07:00,14/02/2023 08:00,0
14/02/2023 08:00,14/02/2023 09:00,0
14/02/2023 09:00,14/02/2023 10:00,1.5
14/02/2023 10:00,14/02/2023 11:00,40.5
14/02/2023 11:00,14/02/2023 12:00,85.9
14/02/2023 12:00,14/02/2023 13:00,124.5
14/02/2023 13:00,14/02/2023 14:00,119.6
14/02/2023 14:00,14/02/2023 15:00,109
14/02/2023 15:00,14/02/2023 16:00,87.4
14/02/2023 16:00,14/02/2023 17:00,58.4
14/02/2023 17:00,14/02/2023 18:00,5.6
14/02/2023 18:00,14/02/2023 19:00,0
14/02/2023 19:00,14/02/2023 20:00,0
14/02/2023 20:00,14/02/2023 21:00,0
14/02/2023 21:00,14/02/2023 22:00,0
14/02/2023 22:00,14/02/2023 23:00,0
14/02/2023 23:00,15/02/2023 00:00,0
15/02/2023 00:00,15/02/2023 01:00,0
15/02/2023 01:00,15/02/2023 02:00,0
15/02/2023 02:00,15/02/2023 03:00,0
15/02/2023 03:00,15/02/2023 04:00,0
15/02/2023 04:00,15/02/2023 05:00,0
15/02/2023 05:00,15/02/2023 06:00,0
15/02/2023 06:00,15/02/2023 07:00,0
15/02/2023 07:00,15/02/2023 08:00,0
15/02/2023 08:00,15/02/2023 09:00,0
15/02/2023 09:00,15/02/2023 10:00,2.3
15/02/2023 10:00,15/02/2023 11:00,27.5
15/02/2023 11:00,15/02/2023 12:00,70.4
15/02/2023 12:00,15/02/2023 13:00,86
15/02/2023 13:00,15/02/2023 14:00,95
15/02/2023 14:00,15/02/2023 15:00,91
15/02/2023 15:00,15/02/2023 16:00,46.3
15/02/2023 16:00,15/02/2023 17:00,27.6
15/02/2023 17:00,15/02/2023 18:00,0.4
15/02/2023 18:00,15/02/2023 19:00,0
15/02/2023 19:00,15/02/2023 20:00,0
15/02/2023 20:00,15/02/2023 21:00,0
15/02/2023 21:00,15/02/2023 22:00,0
15/02/2023 22:00,15/02/2023 23:00,0
15/02/2023 23:00,16/02/2023 00:00,0
16/02/2023 00:00,16/02/2023 01:00,0
16/02/2023 01:00,16/02/2023 02:00,0
16/02/2023 02:00,16/02/2023 03:00,0
16/02/2023 03:00,16/02/2023 04:00,0
16/02/2023 04:00,16/02/2023 05:00,0
16/02/2023 05:00,16/02/2023 06:00,0
16/02/2023 06:00,16/02/2023 07:00,0
16/02/2023 07:00,16/02/2023 08:00,0
16/02/2023 08:00,16/02/2023 09:00,0
16/02/2023 09:00,16/02/2023 10:00,0
16/02/2023 10:00,16/02/2023 11:00,13.5
16/02/2023 11:00,16/02/2023 12:00,29.3
16/02/2023 12:00,16/02/2023 13:00,42.7
16/02/2023 13:00,16/02/2023 14:00,46.5
16/02/2023 14:00,16/02/2023 15:00,39.2
16/02/2023 15:00,16/02/2023 16:00,30.1
16/02/2023 16:00,16/02/2023 17:00,18.2
16/02/2023 17:00,16/02/2023 18:00,0
16/02/2023 18:00,16/02/2023 19:00,0
16/02/2023 19:00,16/02/2023 20:00,0
16/02/2023 20:00,16/02/2023 21:00,0
16/02/2023 21:00,16/02/2023 22:00,0
16/02/2023 22:00,16/02/2023 23:00,0
16/02/2023 23:00,17/02/2023 00:00,0
17/02/2023 00:00,17/02/2023 01:00,0
17/02/2023 01:00,17/02/2023 02:00,0
17/02/2023 02:00,17/02/2023 03:00,0
17/02/2023 03:00,17/02/2023 04:00,0
17/02/2023 04:00,17/02/2023 05:00,0
17/02/2023 05:00,17/02/2023 06:00,0
17/02/2023 06:00,17/02/2023 07:00,0
17/02/2023 07:00,17/02/2023 08:00,0
17/02/2023 08:00,17/02/2023 09:00,0
17/02/2023 09:00,17/02/2023 10:00,0
17/02/2023 10:00,17/02/2023 11:00,15.6
17/02/2023 11:00,17/02/2023 12:00,31.3
17/02/2023 12:00,17/02/2023 13:00,43.1
17/02/2023 13:00,17/02/2023 14:00,48.2
17/02/2023 14:00,17/02/2023 15:00,44.5
17/02/2023 15:00,17/02/2023 16:00,36
17/02/2023 16:00,17/02/2023 17:00,25
17/02/2023 17:00,17/02/2023 18:00,0
17/02/2023 18:00,17/02/2023 19:00,0
17/02/2023 19:00,17/02/2023 20:00,0
17/02/2023 20:00,17/02/2023 21:00,0
17/02/2023 21:00,17/02/2023 22:00,0
17/02/2023 22:00,17/02/2023 23:00,0
17/02/2023 23:00,18/02/2023 00:00,0
18/02/2023 00:00,18/02/2023 01:00,0
18/02/2023 01:00,18/02/2023 02:00,0
18/02/2023 02:00,18/02/2023 03:00,0
18/02/2023 03:00,18/02/2023 04:00,0
18/02/2023 04:00,18/02/2023 05:00,0
18/02/2023 05:00,18/02/2023 06:00,0
18/02/2023 06:00,18/02/2023 07:00,0
18/02/2023 07:00,18/02/2023 08:00,0
18/02/2023 08:00,18/02/2023 09:00,0
18/02/2023 09:00,18/02/2023 10:00,0
18/02/2023 10:00,18/02/2023 11:00,15.8
18/02/2023 11:00,18/02/2023 12:00,32.4
18/02/2023 12:00,18/02/2023 13:00,52.2
18/02/2023 13:00,18/02/2023 14:00,54.6
18/02/2023 14:00,18/02/2023 15:00,42.7
18/02/2023 15:00,18/02/2023 16:00,33.2
18/02/2023 16:00,18/02/2023 17:00,22.3
18/02/2023 17:00,18/02/2023 18:00,1
18/02/2023 18:00,18/02/2023 19:00,0
18/02/2023 19:00,18/02/2023 20:00,0
18/02/2023 20:00,18/02/2023 21:00,0
18/02/2023 21:00,18/02/2023 22:00,0
18/02/2023 22:00,18/02/2023 23:00,0
18/02/2023 23:00,19/02/2023 00:00,0
19/02/2023 00:00,19/02/2023 01:00,0
19/02/2023 01:00,19/02/2023 02:00,0
19/02/2023 02:00,19/02/2023 03:00,0
19/02/2023 03:00,19/02/2023 04:00,0
19/02/2023 04:00,19/02/2023 05:00,0
19/02/2023 05:00,19/02/2023 06:00,0
19/02/2023 06:00,19/02/2023 07:00,0
19/02/2023 07:00,19/02/2023 08:00,0
19/02/2023 08:00,19/02/2023 09:00,0
19/02/2023 09:00,19/02/2023 10:00,1
19/02/2023 10:00,19/02/2023 11:00,23.6
19/02/2023 11:00,19/02/2023 12:00,40.7
19/02/2023 12:00,19/02/2023 13:00,52.9
19/02/2023 13:00,19/02/2023 14:00,57.5
19/02/2023 14:00,19/02/2023 15:00,55.6
19/02/2023 15:00,19/02/2023 16:00,44.1
19/02/2023 16:00,19/02/2023 17:00,30.9
19/02/2023 17:00,19/02/2023 18:00,2.8
19/02/2023 18:00,19/02/2023 19:00,0
19/02/2023 19:00,19/02/2023 20:00,0
19/02/2023 20:00,19/02/2023 21:00,0
19/02/2023 21:00,19/02/2023 22:00,0
19/02/2023 22:00,19/02/2023 23:00,0
19/02/2023 23:00,20/02/2023 00:00,0
20/02/2023 00:00,20/02/2023 01:00,0
20/02/2023 01:00,20/02/2023 02:00,0
20/02/2023 02:00,20/02/2023 03:00,0
20/02/2023 03:00,20/02/2023 04:00,0
20/02/2023 04:00,20/02/2023 05:00,0
20/02/2023 05:00,20/02/2023 06:00,0
20/02/2023 06:00,20/02/2023 07:00,0
20/02/2023 07:00,20/02/2023 08:00,0
20/02/2023 08:00,20/02/2023 09:00,0
20/02/2023 09:00,20/02/2023 10:00,3.4
20/02/2023 10:00,20/02/2023 11:00,29.7
20/02/2023 11:00,20/02/2023 12:00,47.4
20/02/2023 12:00,20/02/2023 13:00,52.6
20/02/2023 13:00,20/02/2023 14:00,53.4
20/02/2023 14:00,20/02/2023 15:00,53.6
20/02/2023 15:00,20/02/2023 16:00,42.4
20/02/2023 16:00,20/02/2023 17:00,28
20/02/2023 17:00,20/02/2023 18:00,1
20/02/2023 18:00,20/02/2023 19:00,0
20/02/2023 19:00,20/02/2023 20:00,0
20/02/2023 20:00,20/02/2023 21:00,0
20/02/2023 21:00,20/02/2023 22:00,0
20/02/2023 22:00,20/02/2023 23:00,0
20/02/2023 23:00,21/02/2023 00:00,0
21/02/2023 00:00,21/02/2023 01:00,0
21/02/2023 01:00,21/02/2023 02:00,0
21/02/2023 02:00,21/02/2023 03:00,0
21/02/2023 03:00,21/02/2023 04:00,0
21/02/2023 04:00,21/02/2023 05:00,0
21/02/2023 05:00,21/02/2023 06:00,0
21/02/2023 06:00,21/02/2023 07:00,0
21/02/2023 07:00,21/02/2023 08:00,0
21/02/2023 08:00,21/02/2023 09:00,0
21/02/2023 09:00,21/02/2023 10:00,5.5
21/02/2023 10:00,21/02/2023 11:00,36
21/02/2023 11:00,21/02/2023 12:00,63
21/02/2023 12:00,21/02/2023 13:00,67.2
21/02/2023 13:00,21/02/2023 14:00,72.7
21/02/2023 14:00,21/02/2023 15:00,81.9
21/02/2023 15:00,21/02/2023 16:00,66
21/02/2023 16:00,21/02/2023 17:00,42.8
21/02/2023 17:00,21/02/2023 18:00,8.7
21/02/2023 18:00,21/02/2023 19:00,0
21/02/2023 19:00,21/02/2023 20:00,0
21/02/2023 20:00,21/02/2023 21:00,0
21/02/2023 21:00,21/02/2023 22:00,0
21/02/2023 22:00,21/02/2023 23:00,0
21/02/2023 23:00,22/02/2023 00:00,0
22/02/2023 00:00,22/02/2023 01:00,0
22/02/2023 01:00,22/02/2023 02:00,0
22/02/2023 02:00,22/02/2023 03:00,0
22/02/2023 03:00,22/02/2023 04:00,0
22/02/2023 04:00,22/02/2023 05:00,0
22/02/2023 05:00,22/02/2023 06:00,0
22/02/2023 06:00,22/02/2023 07:00,0
22/02/2023 07:00,22/02/2023 08:00,0
22/02/2023 08:00,22/02/2023 09:00,0
22/02/2023 09:00,22/02/2023 10:00,14.2
22/02/2023 10:00,22/02/2023 11:00,66.8
22/02/2023 11:00,22/02/2023 12:00,125.5
22/02/2023 12:00,22/02/2023 13:00,156.3
22/02/2023 13:00,22/02/2023 14:00,170.2
22/02/2023 14:00,22/02/2023 15:00,158.2
22/02/2023 15:00,22/02/2023 16:00,132.8
22/02/2023 16:00,22/02/2023 17:00,85.2
22/02/2023 17:00,22/02/2023 18:00,28.3
22/02/2023 18:00,22/02/2023 19:00,0
22/02/2023 19:00,22/02/2023 20:00,0
22/02/2023 20:00,22/02/2023 21:00,0
22/02/2023 21:00,22/02/2023 22:00,0
22/02/2023 22:00,22/02/2023 23:00,0
22/02/2023 23:00,23/02/2023 00:00,0
23/02/2023 00:00,23/02/2023 01:00,0
23/02/2023 01:00,23/02/2023 02:00,0
23/02/2023 02:00,23/02/2023 03:00,0
23/02/2023 03:00,23/02/2023 04:00,0
23/02/2023 04:00,23/02/2023 05:00,0
23/02/2023 05:00,23/02/2023 06:00,0
23/02/2023 06:00,23/02/2023 07:00,0
23/02/2023 07:00,23/02/2023 08:00,0
23/02/2023 08:00,23/02/2023 09:00,0
23/02/2023 09:00,23/02/2023 10:00,3.4
23/02/2023 10:00,23/02/2023 11:00,26.6
23/02/2023 11:00,23/02/2023 12:00,38.7
23/02/2023 12:00,23/02/2023 13:00,57.8
23/02/2023 13:00,23/02/2023 14:00,60.4
23/02/2023 14:00,23/02/2023 15:00,51.4
23/02/2023 15:00,23/02/2023 16:00,49.9
23/02/2023 16:00,23/02/2023 17:00,35.8
23/02/2023 17:00,23/02/2023 18:00,9.1
23/02/2023 18:00,23/02/2023 19:00,0
23/02/2023 19:00,23/02/2023 20:00,0
23/02/2023 20:00,23/02/2023 21:00,0
23/02/2023 21:00,23/02/2023 22:00,0
23/02/2023 22:00,23/02/2023 23:00,0
23/02/2023 23:00,24/02/2023 00:00,0
24/02/2023 00:00,24/02/2023 01:00,0
24/02/2023 01:00,24/02/2023 02:00,0
24/02/2023 02:00,24/02/2023 03:00,0
24/02/2023 03:00,24/02/2023 04:00,0
24/02/2023 04:00,24/02/2023 05:00,0
24/02/2023 05:00,24/02/2023 06:00,0
24/02/2023 06:00,24/02/2023 07:00,0
24/02/2023 07:00,24/02/2023 08:00,0
24/02/2023 08:00,24/02/2023 09:00,0
24/02/2023 09:00,24/02/2023 10:00,10.5
24/02/2023 10:00,24/02/2023 11:00,42.3
24/02/2023 11:00,24/02/2023 12:00,74.5
24/02/2023 12:00,24/02/2023 13:00,99.8
24/02/2023 13:00,24/02/2023 14:00,98.6
24/02/2023 14:00,24/02/2023 15:00,99.7
24/02/2023 15:00,24/02/2023 16:00,82.6
24/02/2023 16:00,24/02/2023 17:00,50.2
24/02/2023 17:00,24/02/2023 18:00,19.4
24/02/2023 18:00,24/02/2023 19:00,0
24/02/2023 19:00,24/02/2023 20:00,0
24/02/2023 20:00,24/02/2023 21:00,0
24/02/2023 21:00,24/02/2023 22:00,0
24/02/2023 22:00,24/02/2023 23:00,0
24/02/2023 23:00,25/02/2023 00:00,0
25/02/2023 00:00,25/02/2023 01:00,0
25/02/2023 01:00,25/02/2023 02:00,0
25/02/2023 02:00,25/02/2023 03:00,0
25/02/2023 03:00,25/02/2023 04:00,0
25/02/2023 04:00,25/02/2023 05:00,0
25/02/2023 05:00,25/02/2023 06:00,0
25/02/2023 06:00,25/02/2023 07:00,0
25/02/2023 07:00,25/02/2023 08:00,0
25/02/2023 08:00,25/02/2023 09:00,0
25/02/2023 09:00,25/02/2023 10:00,9.9
25/02/2023 10:00,25/02/2023 11:00,41.8
25/02/2023 11:00,25/02/2023 12:00,72.9
25/02/2023 12:00,25/02/2023 13:00,97.4
25/02/2023 13:00,25/02/2023 14:00,113.3
25/02/2023 14:00,25/02/2023 15:00,114.2
25/02/2023 15:00,25/02/2023 16:00,101.9
25/02/2023 16:00,25/02/2023 17:00,70
25/02/2023 17:00,25/02/2023 18:00,30.6
25/02/2023 18:00,25/02/2023 19:00,0
25/02/2023 19:00,25/02/2023 20:00,0
25/02/2023 20:00,25/02/2023 21:00,0
25/02/2023 21:00,25/02/2023 22:00,0
25/02/2023 22:00,25/02/2023 23:00,0
25/02/2023 23:00,26/02/2023 00:00,0
26/02/2023 00:00,26/02/2023 01:00,0
26/02/2023 01:00,26/02/2023 02:00,0
26/02/2023 02:00,26/02/2023 03:00,0
26/02/2023 03:00,26/02/2023 04:00,0
26/02/2023 04:00,26/02/2023 05:00,0
26/02/2023 05:00,26/02/2023 06:00,0
26/02/2023 06:00,26/02/2023 07:00,0
26/02/2023 07:00,26/02/2023 08:00,0
26/02/2023 08:00,26/02/2023 09:00,0
26/02/2023 09:00,26/02/2023 10:00,22.6
26/02/2023 10:00,26/02/2023 11:00,74.3
26/02/2023 11:00,26/02/2023 12:00,136.8
26/02/2023 12:00,26/02/2023 13:00,157.9
26/02/2023 13:00,26/02/2023 14:00,176.9
26/02/2023 14:00,26/02/2023 15:00,178.2
26/02/2023 15:00,26/02/2023 16:00,157.2
26/02/2023 16:00,26/02/2023 17:00,104.9
26/02/2023 17:00,26/02/2023 18:00,43.6
26/02/2023 18:00,26/02/2023 19:00,0
26/02/2023 19:00,26/02/2023 20:00,0
26/02/2023 20:00,26/02/2023 21:00,0
26/02/2023 21:00,26/02/2023 22:00,0
26/02/2023 22:00,26/02/2023 23:00,0
26/02/2023 23:00,27/02/2023 00:00,0
27/02/2023 00:00,27/02/2023 01:00,0
27/02/2023 01:00,27/02/2023 02:00,0
27/02/2023 02:00,27/02/2023 03:00,0
27/02/2023 03:00,27/02/2023 04:00,0
27/02/2023 04:00,27/02/2023 05:00,0
27/02/2023 05:00,27/02/2023 06:00,0
27/02/2023 06:00,27/02/2023 07:00,0
27/02/2023 07:00,27/02/2023 08:00,0
27/02/2023 08:00,27/02/2023 09:00,0
27/02/2023 09:00,27/02/2023 10:00,24.8
27/02/2023 10:00,27/02/2023 11:00,65.3
27/02/2023 11:00,27/02/2023 12:00,100.6
27/02/2023 12:00,27/02/2023 13:00,117.2
27/02/2023 13:00,27/02/2023 14:00,135.5
27/02/2023 14:00,27/02/2023 15:00,143.6
27/02/2023 15:00,27/02/2023 16:00,133.8
27/02/2023 16:00,27/02/2023 17:00,93.8
27/02/2023 17:00,27/02/2023 18:00,41.3
27/02/2023 18:00,27/02/2023 19:00,0
27/02/2023 19:00,27/02/2023 20:00,0
27/02/2023 20:00,27/02/2023 21:00,0
27/02/2023 21:00,27/02/2023 22:00,0
27/02/2023 22:00,27/02/2023 23:00,0
27/02/2023 23:00,28/02/2023 00:00,0
28/02/2023 00:00,28/02/2023 01:00,0
28/02/2023 01:00,28/02/2023 02:00,0
28/02/2023 02:00,28/02/2023 03:00,0
28/02/2023 03:00,28/02/2023 04:00,0
28/02/2023 04:00,28/02/2023 05:00,0
28/02/2023 05:00,28/02/2023 06:00,0
28/02/2023 06:00,28/02/2023 07:00,0
28/02/2023 07:00,28/02/2023 08:00,0
28/02/2023 08:00,28/02/2023 09:00,0
28/02/2023 09:00,28/02/2023 10:00,34.2
28/02/2023 10:00,28/02/2023 11:00,91.7
28/02/2023 11:00,28/02/2023 12:00,130.3
28/02/2023 12:00,28/02/2023 13:00,155.1
28/02/2023 13:00,28/02/2023 14:00,157.5
28/02/2023 14:00,28/02/2023 15:00,151.8
28/02/2023 15:00,28/02/2023 16:00,128.1
28/02/2023 16:00,28/02/2023 17:00,87.8
28/02/2023 17:00,28/02/2023 18:00,33.1
28/02/2023 18:00,28/02/2023 19:00,0
28/02/2023 19:00,28/02/2023 20:00,0
28/02/2023 20:00,28/02/2023 21:00,0
28/02/2023 21:00,28/02/2023 22:00,0
28/02/2023 22:00,28/02/2023 23:00,0
28/02/2023 23:00,01/03/2023 00:00,0
01/03/2023 00:00,01/03/2023 01:00,0
01/03/2023 01:00,01/03/2023 02:00,0
01/03/2023 02:00,01/03/2023 03:00,0
01/03/2023 03:00,01/03/2023 04:00,0
01/03/2023 04:00,01/03/2023 05:00,0
01/03/2023 05:00,01/03/2023 06:00,0
01/03/2023 06:00,01/03/2023 07:00,0
01/03/2023 07:00,01/03/2023 08:00,0
01/03/2023 08:00,01/03/2023 09:00,0
01/03/2023 09:00,01/03/2023 10:00,22.5
01/03/2023 10:00,01/03/2023 11:00,55.6
01/03/2023 11:00,01/03/2023 12:00,109.8
01/03/2023 12:00,01/03/2023 13:00,148.9
01/03/2023 13:00,01/03/2023 14:00,163.8
01/03/2023 14:00,01/03/2023 15:00,152.1
01/03/2023 15:00,01/03/2023 16:00,128.2
01/03/2023 16:00,01/03/2023 17:00,86
01/03/2023 17:00,01/03/2023 18:00,39.9
01/03/2023 18:00,01/03/2023 19:00,0.5
01/03/2023 19:00,01/03/2023 20:00,0
01/03/2023 20:00,01/03/2023 21:00,0
01/03/2023 21:00,01/03/2023 22:00,0
01/03/2023 22:00,01/03/2023 23:00,0
01/03/2023 23:00,02/03/2023 00:00,0
02/03/2023 00:00,02/03/2023 01:00,0
02/03/2023 01:00,02/03/2023 02:00,0
02/03/2023 02:00,02/03/2023 03:00,0
02/03/2023 03:00,02/03/2023 04:00,0
02/03/2023 04:00,02/03/2023 05:00,0
02/03/2023 05:00,02/03/2023 06:00,0
02/03/2023 06:00,02/03/2023 07:00,0
02/03/2023 07:00,02/03/2023 08:00,0
02/03/2023 08:00,02/03/2023 09:00,0.1
02/03/2023 09:00,02/03/2023 10:00,43.7
02/03/2023 10:00,02/03/2023 11:00,104.9
02/03/2023 11:00,02/03/2023 12:00,150.6
02/03/2023 12:00,02/03/2023 13:00,177.9
02/03/2023 13:00,02/03/2023 14:00,180.3
02/03/2023 14:00,02/03/2023 15:00,179.1
02/03/2023 15:00,02/03/2023 16:00,155.7
02/03/2023 16:00,02/03/2023 17:00,96.6
02/03/2023 17:00,02/03/2023 18:00,50.9
02/03/2023 18:00,02/03/2023 19:00,2.6
02/03/2023 19:00,02/03/2023 20:00,0
02/03/2023 20:00,02/03/2023 21:00,0
02/03/2023 21:00,02/03/2023 22:00,0
02/03/2023 22:00,02/03/2023 23:00,0
02/03/2023 23:00,03/03/2023 00:00,0
03/03/2023 00:00,03/03/2023 01:00,0
03/03/2023 01:00,03/03/2023 02:00,0
03/03/2023 02:00,03/03/2023 03:00,0
03/03/2023 03:00,03/03/2023 04:00,0
03/03/2023 04:00,03/03/2023 05:00,0
03/03/2023 05:00,03/03/2023 06:00,0
03/03/2023 06:00,03/03/2023 07:00,0
03/03/2023 07:00,03/03/2023 08:00,0
03/03/2023 08:00,03/03/2023 09:00,0.2
03/03/2023 09:00,03/03/2023 10:00,50
03/03/2023 10:00,03/03/2023 11:00,107.1
03/03/2023 11:00,03/03/2023 12:00,150.2
03/03/2023 12:00,03/03/2023 13:00,171.9
03/03/2023 13:00,03/03/2023 14:00,142.1
03/03/2023 14:00,03/03/2023 15:00,129.8
03/03/2023 15:00,03/03/2023 16:00,101.3
03/03/2023 16:00,03/03/2023 17:00,63.2
03/03/2023 17:00,03/03/2023 18:00,28.8
03/03/2023 18:00,03/03/2023 19:00,0.6
03/03/2023 19:00,03/03/2023 20:00,0
03/03/2023 20:00,03/03/2023 21:00,0
03/03/2023 21:00,03/03/2023 22:00,0
03/03/2023 22:00,03/03/2023 23:00,0
03/03/2023 23:00,04/03/2023 00:00,0
04/03/2023 00:00,04/03/2023 01:00,0
04/03/2023 01:00,04/03/2023 02:00,0
04/03/2023 02:00,04/03/2023 03:00,0
04/03/2023 03:00,04/03/2023 04:00,0
04/03/2023 04:00,04/03/2023 05:00,0
04/03/2023 05:00,04/03/2023 06:00,0
04/03/2023 06:00,04/03/2023 07:00,0
04/03/2023 07:00,04/03/2023 08:00,0
04/03/2023 08:00,04/03/2023 09:00,0.2
04/03/2023 09:00,04/03/2023 10:00,21.6
04/03/2023 10:00,04/03/2023 11:00,50.8
04/03/2023 11:00,04/03/2023 12:00,77.8
04/03/2023 12:00,04/03/2023 13:00,82.3
04/03/2023 13:00,04/03/2023 14:00,91.7
04/03/2023 14:00,04/03/2023 15:00,103.7
04/03/2023 15:00,04/03/2023 16:00,93.3
04/03/2023 16:00,04/03/2023 17:00,68.7
04/03/2023 17:00,04/03/2023 18:00,38.6
04/03/2023 18:00,04/03/2023 19:00,1.5
04/03/2023 19:00,04/03/2023 20:00,0
04/03/2023 20:00,04/03/2023 21:00,0
04/03/2023 21:00,04/03/2023 22:00,0
04/03/2023 22:00,04/03/2023 23:00,0
04/03/2023 23:00,05/03/2023 00:00,0
05/03/2023 00:00,05/03/2023 01:00,0
05/03/2023 01:00,05/03/2023 02:00,0
05/03/2023 02:00,05/03/2023 03:00,0
05/03/2023 03:00,05/03/2023 04:00,0
05/03/2023 04:00,05/03/2023 05:00,0
05/03/2023 05:00,05/03/2023 06:00,0
05/03/2023 06:00,05/03/2023 07:00,0
05/03/2023 07:00,05/03/2023 08:00,0
05/03/2023 08:00,05/03/2023 09:00,0.5
05/03/2023 09:00,05/03/2023 10:00,29.6
05/03/2023 10:00,05/03/2023 11:00,66
05/03/2023 11:00,05/03/2023 12:00,97.1
05/03/2023 12:00,05/03/2023 13:00,107.1
05/03/2023 13:00,05/03/2023 14:00,109.4
05/03/2023 14:00,05/03/2023 15:00,100.4
05/03/2023 15:00,05/03/2023 16:00,92.7
05/03/2023 16:00,05/03/2023 17:00,64.8
05/03/2023 17:00,05/03/2023 18:00,38.7
05/03/2023 18:00,05/03/2023 19:00,0.7
05/03/2023 19:00,05/03/2023 20:00,0
05/03/2023 20:00,05/03/2023 21:00,0
05/03/2023 21:00,05/03/2023 22:00,0
05/03/2023 22:00,05/03/2023 23:00,0
05/03/2023 23:00,06/03/2023 00:00,0
06/03/2023 00:00,06/03/2023 01:00,0
06/03/2023 01:00,06/03/2023 02:00,0
06/03/2023 02:00,06/03/2023 03:00,0
06/03/2023 03:00,06/03/2023 04:00,0
06/03/2023 04:00,06/03/2023 05:00,0
06/03/2023 05:00,06/03/2023 06:00,0
06/03/2023 06:00,06/03/2023 07:00,0
06/03/2023 07:00,06/03/2023 08:00,0
06/03/2023 08:00,06/03/2023 09:00,0.1
06/03/2023 09:00,06/03/2023 10:00,41.3
06/03/2023 10:00,06/03/2023 11:00,83.6
06/03/2023 11:00,06/03/2023 12:00,96.2
06/03/2023 12:00,06/03/2023 13:00,112.6
06/03/2023 13:00,06/03/2023 14:00,94
06/03/2023 14:00,06/03/2023 15:00,93.4
06/03/2023 15:00,06/03/2023 16:00,118.3
06/03/2023 16:00,06/03/2023 17:00,87.1
06/03/2023 17:00,06/03/2023 18:00,52.2
06/03/2023 18:00,06/03/2023 19:00,2.3
06/03/2023 19:00,06/03/2023 20:00,0
06/03/2023 20:00,06/03/2023 21:00,0
06/03/2023 21:00,06/03/2023 22:00,0
06/03/2023 22:00,06/03/2023 23:00,0
06/03/2023 23:00,07/03/2023 00:00,0
07/03/2023 00:00,07/03/2023 01:00,0
07/03/2023 01:00,07/03/2023 02:00,0
07/03/2023 02:00,07/03/2023 03:00,0
07/03/2023 03:00,07/03/2023 04:00,0
07/03/2023 04:00,07/03/2023 05:00,0
07/03/2023 05:00,07/03/2023 06:00,0
07/03/2023 06:00,07/03/2023 07:00,0
07/03/2023 07:00,07/03/2023 08:00,0
07/03/2023 08:00,07/03/2023 09:00,4.5
07/03/2023 09:00,07/03/2023 10:00,58.6
07/03/2023 10:00,07/03/2023 11:00,117.1
07/03/2023 11:00,07/03/2023 12:00,165.4
07/03/2023 12:00,07/03/2023 13:00,187.9
07/03/2023 13:00,07/03/2023 14:00,188.7
07/03/2023 14:00,07/03/2023 15:00,190.8
07/03/2023 15:00,07/03/2023 16:00,155.9
07/03/2023 16:00,07/03/2023 17:00,103.3
07/03/2023 17:00,07/03/2023 18:00,58.6
07/03/2023 18:00,07/03/2023 19:00,4.1
07/03/2023 19:00,07/03/2023 20:00,0
07/03/2023 20:00,07/03/2023 21:00,0
07/03/2023 21:00,07/03/2023 22:00,0
07/03/2023 22:00,07/03/2023 23:00,0
07/03/2023 23:00,08/03/2023 00:00,0
08/03/2023 00:00,08/03/2023 01:00,0
08/03/2023 01:00,08/03/2023 02:00,0
08/03/2023 02:00,08/03/2023 03:00,0
08/03/2023 03:00,08/03/2023 04:00,0
08/03/2023 04:00,08/03/2023 05:00,0
08/03/2023 05:00,08/03/2023 06:00,0
08/03/2023 06:00,08/03/2023 07:00,0
08/03/2023 07:00,08/03/2023 08:00,0
08/03/2023 08:00,08/03/2023 09:00,1.4
08/03/2023 09:00,08/03/2023 10:00,31.1
08/03/2023 10:00,08/03/2023 11:00,62.9
08/03/2023 11:00,08/03/2023 12:00,89.9
08/03/2023 12:00,08/03/2023 13:00,111.8
08/03/2023 13:00,08/03/2023 14:00,156
08/03/2023 14:00,08/03/2023 15:00,150.7
08/03/2023 15:00,08/03/2023 16:00,129.1
08/03/2023 16:00,08/03/2023 17:00,95.2
08/03/2023 17:00,08/03/2023 18:00,55.2
08/03/2023 18:00,08/03/2023 19:00,4.7
08/03/2023 19:00,08/03/2023 20:00,0
08/03/2023 20:00,08/03/2023 21:00,0
08/03/2023 21:00,08/03/2023 22:00,0
08/03/2023 22:00,08/03/2023 23:00,0
08/03/2023 23:00,09/03/2023 00:00,0
09/03/2023 00:00,09/03/2023 01:00,0
09/03/2023 01:00,09/03/2023 02:00,0
09/03/2023 02:00,09/03/2023 03:00,0
09/03/2023 03:00,09/03/2023 04:00,0
09/03/2023 04:00,09/03/2023 05:00,0
09/03/2023 05:00,09/03/2023 06:00,0
09/03/2023 06:00,09/03/2023 07:00,0
09/03/2023 07:00,09/03/2023 08:00,0
09/03/2023 08:00,09/03/2023 09:00,9.6
09/03/2023 09:00,09/03/2023 10:00,74
09/03/2023 10:00,09/03/2023 11:00,137.2
09/03/2023 11:00,09/03/2023 12:00,189.6
09/03/2023 12:00,09/03/2023 13:00,224
09/03/2023 13:00,09/03/2023 14:00,234.7
09/03/2023 14:00,09/03/2023 15:00,224.4
09/03/2023 15:00,09/03/2023 16:00,196.2
09/03/2023 16:00,09/03/2023 17:00,148
09/03/2023 17:00,09/03/2023 18:00,88.2
09/03/2023 18:00,09/03/2023 19:00,8.8
09/03/2023 19:00,09/03/2023 20:00,0
09/03/2023 20:00,09/03/2023 21:00,0
09/03/2023 21:00,09/03/2023 22:00,0
09/03/2023 22:00,09/03/2023 23:00,0
09/03/2023 23:00,10/03/2023 00:00,0
10/03/2023 00:00,10/03/2023 01:00,0
10/03/2023 01:00,10/03/2023 02:00,0
10/03/2023 02:00,10/03/2023 03:00,0
10/03/2023 03:00,10/03/2023 04:00,0
10/03/2023 04:00,10/03/2023 05:00,0
10/03/2023 05:00,10/03/2023 06:00,0
10/03/2023 06:00,10/03/2023 07:00,0
10/03/2023 07:00,10/03/2023 08:00,0
10/03/2023 08:00,10/03/2023 09:00,4.9
10/03/2023 09:00,10/03/2023 10:00,54.7
10/03/2023 10:00,10/03/2023 11:00,117.9
10/03/2023 11:00,10/03/2023 12:00,165
10/03/2023 12:00,10/03/2023 13:00,193
10/03/2023 13:00,10/03/2023 14:00,208.3
10/03/2023 14:00,10/03/2023 15:00,200.7
10/03/2023 15:00,10/03/2023 16:00,169.4
10/03/2023 16:00,10/03/2023 17:00,138.6
10/03/2023 17:00,10/03/2023 18:00,96.1
10/03/2023 18:00,10/03/2023 19:00,15.4
10/03/2023 19:00,10/03/2023 20:00,0
10/03/2023 20:00,10/03/2023 21:00,0
10/03/2023 21:00,10/03/2023 22:00,0
10/03/2023 22:00,10/03/2023 23:00,0
10/03/2023 23:00,11/03/2023 00:00,0
11/03/2023 00:00,11/03/2023 01:00,0
11/03/2023 01:00,11/03/2023 02:00,0
11/03/2023 02:00,11/03/2023 03:00,0
11/03/2023 03:00,11/03/2023 04:00,0
11/03/2023 04:00,11/03/2023 05:00,0
11/03/2023 05:00,11/03/2023 06:00,0
11/03/2023 06:00,11/03/2023 07:00,0
11/03/2023 07:00,11/03/2023 08:00,0
11/03/2023 08:00,11/03/2023 09:00,8.1
11/03/2023 09:00,11/03/2023 10:00,46.2
11/03/2023 10:00,11/03/2023 11:00,78
11/03/2023 11:00,11/03/2023 12:00,105
11/03/2023 12:00,11/03/2023 13:00,105.9
11/03/2023 13:00,11/03/2023 14:00,100.6
11/03/2023 14:00,11/03/2023 15:00,98.2
11/03/2023 15:00,11/03/2023 16:00,83.9
11/03/2023 16:00,11/03/2023 17:00,58.6
11/03/2023 17:00,11/03/2023 18:00,38.4
11/03/2023 18:00,11/03/2023 19:00,2.3
11/03/2023 19:00,11/03/2023 20:00,0
11/03/2023 20:00,11/03/2023 21:00,0
11/03/2023 21:00,11/03/2023 22:00,0
11/03/2023 22:00,11/03/2023 23:00,0
11/03/2023 23:00,12/03/2023 00:00,0
12/03/2023 00:00,12/03/2023 01:00,0
12/03/2023 01:00,12/03/2023 02:00,0
12/03/2023 02:00,12/03/2023 03:00,0
12/03/2023 03:00,12/03/2023 04:00,0
12/03/2023 04:00,12/03/2023 05:00,0
12/03/2023 05:00,12/03/2023 06:00,0
12/03/2023 06:00,12/03/2023 07:00,0
12/03/2023 07:00,12/03/2023 08:00,0
12/03/2023 08:00,12/03/2023 09:00,10.9
12/03/2023 09:00,12/03/2023 10:00,63.6
12/03/2023 10:00,12/03/2023 11:00,122.3
12/03/2023 11:00,12/03/2023 12:00,155.2
12/03/2023 12:00,12/03/2023 13:00,187.5
12/03/2023 13:00,12/03/2023 14:00,192.8
12/03/2023 14:00,12/03/2023 15:00,200.3
12/03/2023 15:00,12/03/2023 16:00,178.4
12/03/2023 16:00,12/03/2023 17:00,142.2
12/03/2023 17:00,12/03/2023 18:00,89.5
12/03/2023 18:00,12/03/2023 19:00,19
12/03/2023 19:00,12/03/2023 20:00,0
12/03/2023 20:00,12/03/2023 21:00,0
12/03/2023 21:00,12/03/2023 22:00,0
12/03/2023 22:00,12/03/2023 23:00,0
12/03/2023 23:00,13/03/2023 00:00,0
13/03/2023 00:00,13/03/2023 01:00,0
13/03/2023 01:00,13/03/2023 02:00,0
13/03/2023 02:00,13/03/2023 03:00,0
13/03/2023 03:00,13/03/2023 04:00,0
13/03/2023 04:00,13/03/2023 05:00,0
13/03/2023 05:00,13/03/2023 06:00,0
13/03/2023 06:00,13/03/2023 07:00,0
13/03/2023 07:00,13/03/2023 08:00,0
13/03/2023 08:00,13/03/2023 09:00,22
13/03/2023 09:00,13/03/2023 10:00,95
13/03/2023 10:00,13/03/2023 11:00,156.9
13/03/2023 11:00,13/03/2023 12:00,194.6
13/03/2023 12:00,13/03/2023 13:00,218.3
13/03/2023 13:00,13/03/2023 14:00,194.9
13/03/2023 14:00,13/03/2023 15:00,175.9
13/03/2023 15:00,13/03/2023 16:00,132.4
13/03/2023 16:00,13/03/2023 17:00,95.5
13/03/2023 17:00,13/03/2023 18:00,49.7
13/03/2023 18:00,13/03/2023 19:00,8.4
13/03/2023 19:00,13/03/2023 20:00,0
13/03/2023 20:00,13/03/2023 21:00,0
13/03/2023 21:00,13/03/2023 22:00,0
13/03/2023 22:00,13/03/2023 23:00,0
13/03/2023 23:00,14/03/2023 00:00,0
14/03/2023 00:00,14/03/2023 01:00,0
14/03/2023 01:00,14/03/2023 02:00,0
14/03/2023 02:00,14/03/2023 03:00,0
14/03/2023 03:00,14/03/2023 04:00,0
14/03/2023 04:00,14/03/2023 05:00,0
14/03/2023 05:00,14/03/2023 06:00,0
14/03/2023 06:00,14/03/2023 07:00,0
14/03/2023 07:00,14/03/2023 08:00,0
14/03/2023 08:00,14/03/2023 09:00,1
14/03/2023 09:00,14/03/2023 10:00,25
14/03/2023 10:00,14/03/2023 11:00,42.7
14/03/2023 11:00,14/03/2023 12:00,57.9
14/03/2023 12:00,14/03/2023 13:00,92
14/03/2023 13:00,14/03/2023 14:00,87.8
14/03/2023 14:00,14/03/2023 15:00,80.5
14/03/2023 15:00,14/03/2023 16:00,73
14/03/2023 16:00,14/03/2023 17:00,57.9
14/03/2023 17:00,14/03/2023 18:00,33.4
14/03/2023 18:00,14/03/2023 19:00,4
14/03/2023 19:00,14/03/2023 20:00,0
14/03/2023 20:00,14/03/2023 21:00,0
14/03/2023 21:00,14/03/2023 22:00,0
14/03/2023 22:00,14/03/2023 23:00,0
14/03/2023 23:00,15/03/2023 00:00,0
15/03/2023 00:00,15/03/2023 01:00,0
15/03/2023 01:00,15/03/2023 02:00,0
15/03/2023 02:00,15/03/2023 03:00,0
15/03/2023 03:00,15/03/2023 04:00,0
15/03/2023 04:00,15/03/2023 05:00,0
15/03/2023 05:00,15/03/2023 06:00,0
15/03/2023 06:00,15/03/2023 07:00,0
15/03/2023 07:00,15/03/2023 08:00,0
15/03/2023 08:00,15/03/2023 09:00,11.6
15/03/2023 09:00,15/03/2023 10:00,59.5
15/03/2023 10:00,15/03/2023 11:00,127.8
15/03/2023 11:00,15/03/2023 12:00,186.7
15/03/2023 12:00,15/03/2023 13:00,231.3
15/03/2023 13:00,15/03/2023 14:00,233.5
15/03/2023 14:00,15/03/2023 15:00,237.1
15/03/2023 15:00,15/03/2023 16:00,203
15/03/2023 16:00,15/03/2023 17:00,149.8
15/03/2023 17:00,15/03/2023 18:00,97.7
15/03/2023 18:00,15/03/2023 19:00,29.8
15/03/2023 19:00,15/03/2023 20:00,0
15/03/2023 20:00,15/03/2023 21:00,0
15/03/2023 21:00,15/03/2023 22:00,0
15/03/2023 22:00,15/03/2023 23:00,0
15/03/2023 23:00,16/03/2023 00:00,0
16/03/2023 00:00,16/03/2023 01:00,0
16/03/2023 01:00,16/03/2023 02:00,0
16/03/2023 02:00,16/03/2023 03:00,0
16/03/2023 03:00,16/03/2023 04:00,0
16/03/2023 04:00,16/03/2023 05:00,0
16/03/2023 05:00,16/03/2023 06:00,0
16/03/2023 06:00,16/03/2023 07:00,0
16/03/2023 07:00,16/03/2023 08:00,0
16/03/2023 08:00,16/03/2023 09:00,33.2
16/03/2023 09:00,16/03/2023 10:00,105.1
16/03/2023 10:00,16/03/2023 11:00,171.9
16/03/2023 11:00,16/03/2023 12:00,227.4
16/03/2023 12:00,16/03/2023 13:00,263.6
16/03/2023 13:00,16/03/2023 14:00,275.3
16/03/2023 14:00,16/03/2023 15:00,260.2
16/03/2023 15:00,16/03/2023 16:00,227.3
16/03/2023 16:00,16/03/2023 17:00,174.1
16/03/2023 17:00,16/03/2023 18:00,109.5
16/03/2023 18:00,16/03/2023 19:00,35.9
16/03/2023 19:00,16/03/2023 20:00,0
16/03/2023 20:00,16/03/2023 21:00,0
16/03/2023 21:00,16/03/2023 22:00,0
16/03/2023 22:00,16/03/2023 23:00,0
16/03/2023 23:00,17/03/2023 00:00,0
17/03/2023 00:00,17/03/2023 01:00,0
17/03/2023 01:00,17/03/2023 02:00,0
17/03/2023 02:00,17/03/2023 03:00,0
17/03/2023 03:00,17/03/2023 04:00,0
17/03/2023 04:00,17/03/2023 05:00,0
17/03/2023 05:00,17/03/2023 06:00,0
17/03/2023 06:00,17/03/2023 07:00,0
17/03/2023 07:00,17/03/2023 08:00,0
17/03/2023 08:00,17/03/2023 09:00,22.6
17/03/2023 09:00,17/03/2023 10:00,64.6
17/03/2023 10:00,17/03/2023 11:00,99.3
17/03/2023 11:00,17/03/2023 12:00,150.4
17/03/2023 12:00,17/03/2023 13:00,178.9
17/03/2023 13:00,17/03/2023 14:00,135
17/03/2023 14:00,17/03/2023 15:00,128.1
17/03/2023 15:00,17/03/2023 16:00,144.2
17/03/2023 16:00,17/03/2023 17:00,104.8
17/03/2023 17:00,17/03/2023 18:00,59.3
17/03/2023 18:00,17/03/2023 19:00,17.2
17/03/2023 19:00,17/03/2023 20:00,0
17/03/2023 20:00,17/03/2023 21:00,0
17/03/2023 21:00,17/03/2023 22:00,0
17/03/2023 22:00,17/03/2023 23:00,0
17/03/2023 23:00,18/03/2023 00:00,0
18/03/2023 00:00,18/03/2023 01:00,0
18/03/2023 01:00,18/03/2023 02:00,0
18/03/2023 02:00,18/03/2023 03:00,0
18/03/2023 03:00,18/03/2023 04:00,0
18/03/2023 04:00,18/03/2023 05:00,0
18/03/2023 05:00,18/03/2023 06:00,0
18/03/2023 06:00,18/03/2023 07:00,0
18/03/2023 07:00,18/03/2023 08:00,0
18/03/2023 08:00,18/03/2023 09:00,7.8
18/03/2023 09:00,18/03/2023 10:00,33.5
18/03/2023 10:00,18/03/2023 11:00,53.6
18/03/2023 11:00,18/03/2023 12:00,77.9
18/03/2023 12:00,18/03/2023 13:00,108
18/03/2023 13:00,18/03/2023 14:00,106.7
18/03/2023 14:00,18/03/2023 15:00,84.3
18/03/2023 15:00,18/03/2023 16:00,76.8
18/03/2023 16:00,18/03/2023 17:00,55.4
18/03/2023 17:00,18/03/2023 18:00,35.9
18/03/2023 18:00,18/03/2023 19:00,10.2
18/03/2023 19:00,18/03/2023 20:00,0
18/03/2023 20:00,18/03/2023 21:00,0
18/03/2023 21:00,18/03/2023 22:00,0
18/03/2023 22:00,18/03/2023 23:00,0
18/03/2023 23:00,19/03/2023 00:00,0
19/03/2023 00:00,19/03/2023 01:00,0
19/03/2023 01:00,19/03/2023 02:00,0
19/03/2023 02:00,19/03/2023 03:00,0
19/03/2023 03:00,19/03/2023 04:00,0
19/03/2023 04:00,19/03/2023 05:00,0
19/03/2023 05:00,19/03/2023 06:00,0
19/03/2023 06:00,19/03/2023 07:00,0
19/03/2023 07:00,19/03/2023 08:00,0
19/03/2023 08:00,19/03/2023 09:00,18.8
19/03/2023 09:00,19/03/2023 10:00,54.8
19/03/2023 10:00,19/03/2023 11:00,96.4
19/03/2023 11:00,19/03/2023 12:00,136.1
19/03/2023 12:00,19/03/2023 13:00,154.1
19/03/2023 13:00,19/03/2023 14:00,156.6
19/03/2023 14:00,19/03/2023 15:00,162.3
19/03/2023 15:00,19/03/2023 16:00,139.7
19/03/2023 16:00,19/03/2023 17:00,116.1
19/03/2023 17:00,19/03/2023 18:00,82.8
19/03/2023 18:00,19/03/2023 19:00,31.5
19/03/2023 19:00,19/03/2023 20:00,0
19/03/2023 20:00,19/03/2023 21:00,0
19/03/2023 21:00,19/03/2023 22:00,0
19/03/2023 22:00,19/03/2023 23:00,0
19/03/2023 23:00,20/03/2023 00:00,0
20/03/2023 00:00,20/03/2023 01:00,0
20/03/2023 01:00,20/03/2023 02:00,0
20/03/2023 02:00,20/03/2023 03:00,0
20/03/2023 03:00,20/03/2023 04:00,0
20/03/2023 04:00,20/03/2023 05:00,0
20/03/2023 05:00,20/03/2023 06:00,0
20/03/2023 06:00,20/03/2023 07:00,0
20/03/2023 07:00,20/03/2023 08:00,0
20/03/2023 08:00,20/03/2023 09:00,14.4
20/03/2023 09:00,20/03/2023 10:00,42.5
20/03/2023 10:00,20/03/2023 11:00,65.7
20/03/2023 11:00,20/03/2023 12:00,85.5
20/03/2023 12:00,20/03/2023 13:00,103
20/03/2023 13:00,20/03/2023 14:00,106.3
20/03/2023 14:00,20/03/2023 15:00,93.7
20/03/2023 15:00,20/03/2023 16:00,80.7
20/03/2023 16:00,20/03/2023 17:00,66
20/03/2023 17:00,20/03/2023 18:00,42.2
20/03/2023 18:00,20/03/2023 19:00,14.6
20/03/2023 19:00,20/03/2023 20:00,0
20/03/2023 20:00,20/03/2023 21:00,0
20/03/2023 21:00,20/03/2023 22:00,0
20/03/2023 22:00,20/03/2023 23:00,0
20/03/2023 23:00,21/03/2023 00:00,0
21/03/2023 00:00,21/03/2023 01:00,0
21/03/2023 01:00,21/03/2023 02:00,0
21/03/2023 02:00,21/03/2023 03:00,0
21/03/2023 03:00,21/03/2023 04:00,0
21/03/2023 04:00,21/03/2023 05:00,0
21/03/2023 05:00,21/03/2023 06:00,0
21/03/2023 06:00,21/03/2023 07:00,0
21/03/2023 07:00,21/03/2023 08:00,0.3
21/03/2023 08:00,21/03/2023 09:00,52.9
21/03/2023 09:00,21/03/2023 10:00,129
21/03/2023 10:00,21/03/2023 11:00,186.4
21/03/2023 11:00,21/03/2023 12:00,245.7
21/03/2023 12:00,21/03/2023 13:00,276.1
21/03/2023 13:00,21/03/2023 14:00,273.2
21/03/2023 14:00,21/03/2023 15:00,267.6
21/03/2023 15:00,21/03/2023 16:00,226.4
21/03/2023 16:00,21/03/2023 17:00,161.7
21/03/2023 17:00,21/03/2023 18:00,104.8
21/03/2023 18:00,21/03/2023 19:00,42.3
21/03/2023 19:00,21/03/2023 20:00,0
21/03/2023 20:00,21/03/2023 21:00,0
21/03/2023 21:00,21/03/2023 22:00,0
21/03/2023 22:00,21/03/2023 23:00,0
21/03/2023 23:00,22/03/2023 00:00,0
22/03/2023 00:00,22/03/2023 01:00,0
22/03/2023 01:00,22/03/2023 02:00,0
22/03/2023 02:00,22/03/2023 03:00,0
22/03/2023 03:00,22/03/2023 04:00,0
22/03/2023 04:00,22/03/2023 05:00,0
22/03/2023 05:00,22/03/2023 06:00,0
22/03/2023 06:00,22/03/2023 07:00,0
22/03/2023 07:00,22/03/2023 08:00,0.4
22/03/2023 08:00,22/03/2023 09:00,21.4
22/03/2023 09:00,22/03/2023 10:00,45.4
22/03/2023 10:00,22/03/2023 11:00,63
22/03/2023 11:00,22/03/2023 12:00,76
22/03/2023 12:00,22/03/2023 13:00,96.7
22/03/2023 13:00,22/03/2023 14:00,100.1
22/03/2023 14:00,22/03/2023 15:00,76.7
22/03/2023 15:00,22/03/2023 16:00,65.9
22/03/2023 16:00,22/03/2023 17:00,49
22/03/2023 17:00,22/03/2023 18:00,33.2
22/03/2023 18:00,22/03/2023 19:00,11.1
22/03/2023 19:00,22/03/2023 20:00,0
22/03/2023 20:00,22/03/2023 21:00,0
22/03/2023 21:00,22/03/2023 22:00,0
22/03/2023 22:00,22/03/2023 23:00,0
22/03/2023 23:00,23/03/2023 00:00,0
23/03/2023 00:00,23/03/2023 01:00,0
23/03/2023 01:00,23/03/2023 02:00,0
23/03/2023 02:00,23/03/2023 03:00,0
23/03/2023 03:00,23/03/2023 04:00,0
23/03/2023 04:00,23/03/2023 05:00,0
23/03/2023 05:00,23/03/2023 06:00,0
23/03/2023 06:00,23/03/2023 07:00,0
23/03/2023 07:00,23/03/2023 08:00,0
23/03/2023 08:00,23/03/2023 09:00,38.7
23/03/2023 09:00,23/03/2023 10:00,92
23/03/2023 10:00,23/03/2023 11:00,137.4
23/03/2023 11:00,23/03/2023 12:00,176.6
23/03/2023 12:00,23/03/2023 13:00,197.6
23/03/2023 13:00,23/03/2023 14:00,218.9
23/03/2023 14:00,23/03/2023 15:00,208.1
23/03/2023 15:00,23/03/2023 16:00,188.4
23/03/2023 16:00,23/03/2023 17:00,156.8
23/03/2023 17:00,23/03/2023 18:00,112.4
23/03/2023 18:00,23/03/2023 19:00,48.1
23/03/2023 19:00,23/03/2023 20:00,1.8
23/03/2023 20:00,23/03/2023 21:00,0
23/03/2023 21:00,23/03/2023 22:00,0
23/03/2023 22:00,23/03/2023 23:00,0
23/03/2023 23:00,24/03/2023 00:00,0
24/03/2023 00:00,24/03/2023 01:00,0
24/03/2023 01:00,24/03/2023 02:00,0
24/03/2023 02:00,24/03/2023 03:00,0
24/03/2023 03:00,24/03/2023 04:00,0
24/03/2023 04:00,24/03/2023 05:00,0
24/03/2023 05:00,24/03/2023 06:00,0
24/03/2023 06:00,24/03/2023 07:00,0
24/03/2023 07:00,24/03/2023 08:00,0.9
24/03/2023 08:00,24/03/2023 09:00,23.2
24/03/2023 09:00,24/03/2023 10:00,49
24/03/2023 10:00,24/03/2023 11:00,65.5
24/03/2023 11:00,24/03/2023 12:00,92.5
24/03/2023 12:00,24/03/2023 13:00,111.1
24/03/2023 13:00,24/03/2023 14:00,107.7
24/03/2023 14:00,24/03/2023 15:00,102.3
24/03/2023 15:00,24/03/2023 16:00,87.4
24/03/2023 16:00,24/03/2023 17:00,67.3
24/03/2023 17:00,24/03/2023 18:00,42.2
24/03/2023 18:00,24/03/2023 19:00,20
24/03/2023 19:00,24/03/2023 20:00,0
24/03/2023 20:00,24/03/2023 21:00,0
24/03/2023 21:00,24/03/2023 22:00,0
24/03/2023 22:00,24/03/2023 23:00,0
24/03/2023 23:00,25/03/2023 00:00,0
25/03/2023 00:00,25/03/2023 01:00,0
25/03/2023 01:00,25/03/2023 02:00,0
25/03/2023 02:00,25/03/2023 03:00,0
25/03/2023 03:00,25/03/2023 04:00,0
25/03/2023 04:00,25/03/2023 05:00,0
25/03/2023 05:00,25/03/2023 06:00,0
25/03/2023 06:00,25/03/2023 07:00,0
25/03/2023 07:00,25/03/2023 08:00,0.5
25/03/2023 08:00,25/03/2023 09:00,28.8
25/03/2023 09:00,25/03/2023 10:00,64.5
25/03/2023 10:00,25/03/2023 11:00,101.2
25/03/2023 11:00,25/03/2023 12:00,141.8
25/03/2023 12:00,25/03/2023 13:00,191.3
25/03/2023 13:00,25/03/2023 14:00,206
25/03/2023 14:00,25/03/2023 15:00,208.3
25/03/2023 15:00,25/03/2023 16:00,171.7
25/03/2023 16:00,25/03/2023 17:00,123.6
25/03/2023 17:00,25/03/2023 18:00,80.1
25/03/2023 18:00,25/03/2023 19:00,36.5
25/03/2023 19:00,25/03/2023 20:00,0.3
25/03/2023 20:00,25/03/2023 21:00,0
25/03/2023 21:00,25/03/2023 22:00,0
25/03/2023 22:00,25/03/2023 23:00,0
25/03/2023 23:00,26/03/2023 00:00,0
26/03/2023 00:00,26/03/2023 01:00,0
26/03/2023 01:00,26/03/2023 02:00,0
26/03/2023 02:00,26/03/2023 03:00,0
26/03/2023 03:00,26/03/2023 04:00,0
26/03/2023 04:00,26/03/2023 05:00,0
26/03/2023 05:00,26/03/2023 06:00,0
26/03/2023 06:00,26/03/2023 07:00,0
26/03/2023 07:00,26/03/2023 08:00,1.7
26/03/2023 08:00,26/03/2023 09:00,44.3
26/03/2023 09:00,26/03/2023 10:00,97.3
26/03/2023 10:00,26/03/2023 11:00,145.9
26/03/2023 11:00,26/03/2023 12:00,201.2
26/03/2023 12:00,26/03/2023 13:00,209.7
26/03/2023 13:00,26/03/2023 14:00,207.9
26/03/2023 14:00,26/03/2023 15:00,189.5
26/03/2023 15:00,26/03/2023 16:00,142.4
26/03/2023 16:00,26/03/2023 17:00,108.4
26/03/2023 17:00,26/03/2023 18:00,76.1
26/03/2023 18:00,26/03/2023 19:00,38.1
26/03/2023 19:00,26/03/2023 20:00,1.5
26/03/2023 20:00,26/03/2023 21:00,0
26/03/2023 21:00,26/03/2023 22:00,0
26/03/2023 22:00,26/03/2023 23:00,0
26/03/2023 23:00,27/03/2023 00:00,0
27/03/2023 00:00,27/03/2023 01:00,0
27/03/2023 01:00,27/03/2023 02:00,0
27/03/2023 02:00,27/03/2023 03:00,0
27/03/2023 03:00,27/03/2023 04:00,0
27/03/2023 04:00,27/03/2023 05:00,0
27/03/2023 05:00,27/03/2023 06:00,0
27/03/2023 06:00,27/03/2023 07:00,0
27/03/2023 07:00,27/03/2023 08:00,2.3
27/03/2023 08:00,27/03/2023 09:00,29.8
27/03/2023 09:00,27/03/2023 10:00,61.4
27/03/2023 10:00,27/03/2023 11:00,87.9
27/03/2023 11:00,27/03/2023 12:00,116.9
27/03/2023 12:00,27/03/2023 13:00,126.8
27/03/2023 13:00,27/03/2023 14:00,129.4
27/03/2023 14:00,27/03/2023 15:00,113.1
27/03/2023 15:00,27/03/2023 16:00,98.9
27/03/2023 16:00,27/03/2023 17:00,76
27/03/2023 17:00,27/03/2023 18:00,51.4
27/03/2023 18:00,27/03/2023 19:00,26.4
27/03/2023 19:00,27/03/2023 20:00,0
27/03/2023 20:00,27/03/2023 21:00,0
27/03/2023 21:00,27/03/2023 22:00,0
27/03/2023 22:00,27/03/2023 23:00,0
27/03/2023 23:00,28/03/2023 00:00,0
28/03/2023 00:00,28/03/2023 01:00,0
28/03/2023 01:00,28/03/2023 02:00,0
28/03/2023 02:00,28/03/2023 03:00,0
28/03/2023 03:00,28/03/2023 04:00,0
28/03/2023 04:00,28/03/2023 05:00,0
28/03/2023 05:00,28/03/2023 06:00,0
28/03/2023 06:00,28/03/2023 07:00,0
28/03/2023 07:00,28/03/2023 08:00,2.8
28/03/2023 08:00,28/03/2023 09:00,33.5
28/03/2023 09:00,28/03/2023 10:00,66.7
28/03/2023 10:00,28/03/2023 11:00,123.5
28/03/2023 11:00,28/03/2023 12:00,160.7
28/03/2023 12:00,28/03/2023 13:00,167.5
28/03/2023 13:00,28/03/2023 14:00,164.3
28/03/2023 14:00,28/03/2023 15:00,144.2
28/03/2023 15:00,28/03/2023 16:00,138.4
28/03/2023 16:00,28/03/2023 17:00,104.5
28/03/2023 17:00,28/03/2023 18:00,77.1
28/03/2023 18:00,28/03/2023 19:00,40.1
28/03/2023 19:00,28/03/2023 20:00,0.5
28/03/2023 20:00,28/03/2023 21:00,0
28/03/2023 21:00,28/03/2023 22:00,0
28/03/2023 22:00,28/03/2023 23:00,0
28/03/2023 23:00,29/03/2023 00:00,0
29/03/2023 00:00,29/03/2023 01:00,0
29/03/2023 01:00,29/03/2023 02:00,0
29/03/2023 02:00,29/03/2023 03:00,0
29/03/2023 03:00,29/03/2023 04:00,0
29/03/2023 04:00,29/03/2023 05:00,0
29/03/2023 05:00,29/03/2023 06:00,0
29/03/2023 06:00,29/03/2023 07:00,0
29/03/2023 07:00,29/03/2023 08:00,4.1
29/03/2023 08:00,29/03/2023 09:00,36.9
29/03/2023 09:00,29/03/2023 10:00,70.9
29/03/2023 10:00,29/03/2023 11:00,112.7
29/03/2023 11:00,29/03/2023 12:00,149.9
29/03/2023 12:00,29/03/2023 13:00,160.4
29/03/2023 13:00,29/03/2023 14:00,177.7
29/03/2023 14:00,29/03/2023 15:00,171.9
29/03/2023 15:00,29/03/2023 16:00,164.5
29/03/2023 16:00,29/03/2023 17:00,133.1
29/03/2023 17:00,29/03/2023 18:00,93.5
29/03/2023 18:00,29/03/2023 19:00,62.9
29/03/2023 19:00,29/03/2023 20:00,3.1
29/03/2023 20:00,29/03/2023 21:00,0
29/03/2023 21:00,29/03/2023 22:00,0
29/03/2023 22:00,29/03/2023 23:00,0
29/03/2023 23:00,30/03/2023 00:00,0
30/03/2023 00:00,30/03/2023 01:00,0
30/03/2023 01:00,30/03/2023 02:00,0
30/03/2023 02:00,30/03/2023 03:00,0
30/03/2023 03:00,30/03/2023 04:00,0
30/03/2023 04:00,30/03/2023 05:00,0
30/03/2023 05:00,30/03/2023 06:00,0
30/03/2023 06:00,30/03/2023 07:00,0
30/03/2023 07:00,30/03/2023 08:00,14.9
30/03/2023 08:00,30/03/2023 09:00,87.9
30/03/2023 09:00,30/03/2023 10:00,160.2
30/03/2023 10:00,30/03/2023 11:00,233.2
30/03/2023 11:00,30/03/2023 12:00,279
30/03/2023 12:00,30/03/2023 13:00,290.1
30/03/2023 13:00,30/03/2023 14:00,317.6
30/03/2023 14:00,30/03/2023 15:00,297
30/03/2023 15:00,30/03/2023 16:00,268.9
30/03/2023 16:00,30/03/2023 17:00,215.2
30/03/2023 17:00,30/03/2023 18:00,156
30/03/2023 18:00,30/03/2023 19:00,90.6
30/03/2023 19:00,30/03/2023 20:00,5.9
30/03/2023 20:00,30/03/2023 21:00,0
30/03/2023 21:00,30/03/2023 22:00,0
30/03/2023 22:00,30/03/2023 23:00,0
30/03/2023 23:00,31/03/2023 00:00,0
31/03/2023 00:00,31/03/2023 01:00,0
31/03/2023 01:00,31/03/2023 02:00,0
31/03/2023 02:00,31/03/2023 03:00,0
31/03/2023 03:00,31/03/2023 04:00,0
31/03/2023 04:00,31/03/2023 05:00,0
31/03/2023 05:00,31/03/2023 06:00,0
31/03/2023 06:00,31/03/2023 07:00,0
31/03/2023 07:00,31/03/2023 08:00,16.1
31/03/2023 08:00,31/03/2023 09:00,92.9
31/03/2023 09:00,31/03/2023 10:00,161.3
31/03/2023 10:00,31/03/2023 11:00,228.2
31/03/2023 11:00,31/03/2023 12:00,279
31/03/2023 12:00,31/03/2023 13:00,305.7
31/03/2023 13:00,31/03/2023 14:00,313.1
31/03/2023 14:00,31/03/2023 15:00,296.3
31/03/2023 15:00,31/03/2023 16:00,314.9
31/03/2023 16:00,31/03/2023 17:00,255.9
31/03/2023 17:00,31/03/2023 18:00,181.6
31/03/2023 18:00,31/03/2023 19:00,112.3
31/03/2023 19:00,31/03/2023 20:00,12.3
31/03/2023 20:00,31/03/2023 21:00,0
31/03/2023 21:00,31/03/2023 22:00,0
31/03/2023 22:00,31/03/2023 23:00,0
31/03/2023 23:00,01/04/2023 00:00,0
01/04/2023 00:00,01/04/2023 01:00,0
01/04/2023 01:00,01/04/2023 02:00,0
01/04/2023 02:00,01/04/2023 03:00,0
01/04/2023 03:00,01/04/2023 04:00,0
01/04/2023 04:00,01/04/2023 05:00,0
01/04/2023 05:00,01/04/2023 06:00,0
01/04/2023 06:00,01/04/2023 07:00,0
01/04/2023 07:00,01/04/2023 08:00,27.6
01/04/2023 08:00,01/04/2023 09:00,117.7
01/04/2023 09:00,01/04/2023 10:00,204.8
01/04/2023 10:00,01/04/2023 11:00,284.7
01/04/2023 11:00,01/04/2023 12:00,350.5
01/04/2023 12:00,01/04/2023 13:00,386.8
01/04/2023 13:00,01/04/2023 14:00,393.3
01/04/2023 14:00,01/04/2023 15:00,373
01/04/2023 15:00,01/04/2023 16:00,335.8
01/04/2023 16:00,01/04/2023 17:00,265.4
01/04/2023 17:00,01/04/2023 18:00,189.2
01/04/2023 18:00,01/04/2023 19:00,120.2
01/04/2023 19:00,01/04/2023 20:00,15.5
01/04/2023 20:00,01/04/2023 21:00,0
01/04/2023 21:00,01/04/2023 22:00,0
01/04/2023 22:00,01/04/2023 23:00,0
01/04/2023 23:00,02/04/2023 00:00,0
02/04/2023 00:00,02/04/2023 01:00,0
02/04/2023 01:00,02/04/2023 02:00,0
02/04/2023 02:00,02/04/2023 03:00,0
02/04/2023 03:00,02/04/2023 04:00,0
02/04/2023 04:00,02/04/2023 05:00,0
02/04/2023 05:00,02/04/2023 06:00,0
02/04/2023 06:00,02/04/2023 07:00,0
02/04/2023 07:00,02/04/2023 08:00,31.7
02/04/2023 08:00,02/04/2023 09:00,122
02/04/2023 09:00,02/04/2023 10:00,209.5
02/04/2023 10:00,02/04/2023 11:00,287.7
02/04/2023 11:00,02/04/2023 12:00,353.5
02/04/2023 12:00,02/04/2023 13:00,390.5
02/04/2023 13:00,02/04/2023 14:00,394.8
02/04/2023 14:00,02/04/2023 15:00,373.9
02/04/2023 15:00,02/04/2023 16:00,324.2
02/04/2023 16:00,02/04/2023 17:00,250.9
02/04/2023 17:00,02/04/2023 18:00,169.6
02/04/2023 18:00,02/04/2023 19:00,103.1
02/04/2023 19:00,02/04/2023 20:00,17
02/04/2023 20:00,02/04/2023 21:00,0
02/04/2023 21:00,02/04/2023 22:00,0
02/04/2023 22:00,02/04/2023 23:00,0
02/04/2023 23:00,03/04/2023 00:00,0
03/04/2023 00:00,03/04/2023 01:00,0
03/04/2023 01:00,03/04/2023 02:00,0
03/04/2023 02:00,03/04/2023 03:00,0
03/04/2023 03:00,03/04/2023 04:00,0
03/04/2023 04:00,03/04/2023 05:00,0
03/04/2023 05:00,03/04/2023 06:00,0
03/04/2023 06:00,03/04/2023 07:00,0
03/04/2023 07:00,03/04/2023 08:00,38.2
03/04/2023 08:00,03/04/2023 09:00,127
03/04/2023 09:00,03/04/2023 10:00,211.9
03/04/2023 10:00,03/04/2023 11:00,294.7
03/04/2023 11:00,03/04/2023 12:00,360.1
03/04/2023 12:00,03/04/2023 13:00,400.8
03/04/2023 13:00,03/04/2023 14:00,412.9
03/04/2023 14:00,03/04/2023 15:00,397.5
03/04/2023 15:00,03/04/2023 16:00,351.2
03/04/2023 16:00,03/04/2023 17:00,281.9
03/04/2023 17:00,03/04/2023 18:00,199.3
03/04/2023 18:00,03/04/2023 19:00,110.5
03/04/2023 19:00,03/04/2023 20:00,23.5
03/04/2023 20:00,03/04/2023 21:00,0
03/04/2023 21:00,03/04/2023 22:00,0
03/04/2023 22:00,03/04/2023 23:00,0
03/04/2023 23:00,04/04/2023 00:00,0
04/04/2023 00:00,04/04/2023 01:00,0
04/04/2023 01:00,04/04/2023 02:00,0
04/04/2023 02:00,04/04/2023 03:00,0
04/04/2023 03:00,04/04/2023 04:00,0
04/04/2023 04:00,04/04/2023 05:00,0
04/04/2023 05:00,04/04/2023 06:00,0
04/04/2023 06:00,04/04/2023 07:00,0
04/04/2023 07:00,04/04/2023 08:00,40.9
04/04/2023 08:00,04/04/2023 09:00,128.2
04/04/2023 09:00,04/04/2023 10:00,214.8
04/04/2023 10:00,04/04/2023 11:00,282.9
04/04/2023 11:00,04/04/2023 12:00,348.9
04/04/2023 12:00,04/04/2023 13:00,391.4
04/04/2023 13:00,04/04/2023 14:00,403.7
04/04/2023 14:00,04/04/2023 15:00,378.9
04/04/2023 15:00,04/04/2023 16:00,343.8
04/04/2023 16:00,04/04/2023 17:00,270.9
04/04/2023 17:00,04/04/2023 18:00,183.1
04/04/2023 18:00,04/04/2023 19:00,102.7
04/04/2023 19:00,04/04/2023 20:00,20.8
04/04/2023 20:00,04/04/2023 21:00,0
04/04/2023 21:00,04/04/2023 22:00,0
04/04/2023 22:00,04/04/2023 23:00,0
04/04/2023 23:00,05/04/2023 00:00,0
05/04/2023 00:00,05/04/2023 01:00,0
05/04/2023 01:00,05/04/2023 02:00,0
05/04/2023 02:00,05/04/2023 03:00,0
05/04/2023 03:00,05/04/2023 04:00,0
05/04/2023 04:00,05/04/2023 05:00,0
05/04/2023 05:00,05/04/2023 06:00,0
05/04/2023 06:00,05/04/2023 07:00,0
05/04/2023 07:00,05/04/2023 08:00,34.3
05/04/2023 08:00,05/04/2023 09:00,108.1
05/04/2023 09:00,05/04/2023 10:00,172.3
05/04/2023 10:00,05/04/2023 11:00,220.8
05/04/2023 11:00,05/04/2023 12:00,272.5
05/04/2023 12:00,05/04/2023 13:00,305.1
05/04/2023 13:00,05/04/2023 14:00,315.3
05/04/2023 14:00,05/04/2023 15:00,302.2
05/04/2023 15:00,05/04/2023 16:00,244.7
05/04/2023 16:00,05/04/2023 17:00,214.7
05/04/2023 17:00,05/04/2023 18:00,157.3
05/04/2023 18:00,05/04/2023 19:00,82.2
05/04/2023 19:00,05/04/2023 20:00,16.5
05/04/2023 20:00,05/04/2023 21:00,0
05/04/2023 21:00,05/04/2023 22:00,0
05/04/2023 22:00,05/04/2023 23:00,0
05/04/2023 23:00,06/04/2023 00:00,0
06/04/2023 00:00,06/04/2023 01:00,0
06/04/2023 01:00,06/04/2023 02:00,0
06/04/2023 02:00,06/04/2023 03:00,0
06/04/2023 03:00,06/04/2023 04:00,0
06/04/2023 04:00,06/04/2023 05:00,0
06/04/2023 05:00,06/04/2023 06:00,0
06/04/2023 06:00,06/04/2023 07:00,0
06/04/2023 07:00,06/04/2023 08:00,37.3
06/04/2023 08:00,06/04/2023 09:00,107.3
06/04/2023 09:00,06/04/2023 10:00,186.3
06/04/2023 10:00,06/04/2023 11:00,244.5
06/04/2023 11:00,06/04/2023 12:00,313.8
06/04/2023 12:00,06/04/2023 13:00,347.5
06/04/2023 13:00,06/04/2023 14:00,369.8
06/04/2023 14:00,06/04/2023 15:00,317.1
06/04/2023 15:00,06/04/2023 16:00,279.7
06/04/2023 16:00,06/04/2023 17:00,240.7
06/04/2023 17:00,06/04/2023 18:00,172.5
06/04/2023 18:00,06/04/2023 19:00,104
06/04/2023 19:00,06/04/2023 20:00,26.6
06/04/2023 20:00,06/04/2023 21:00,0
06/04/2023 21:00,06/04/2023 22:00,0
06/04/2023 22:00,06/04/2023 23:00,0
06/04/2023 23:00,07/04/2023 00:00,0
07/04/2023 00:00,07/04/2023 01:00,0
07/04/2023 01:00,07/04/2023 02:00,0
07/04/2023 02:00,07/04/2023 03:00,0
07/04/2023 03:00,07/04/2023 04:00,0
07/04/2023 04:00,07/04/2023 05:00,0
07/04/2023 05:00,07/04/2023 06:00,0
07/04/2023 06:00,07/04/2023 07:00,0
07/04/2023 07:00,07/04/2023 08:00,47.6
07/04/2023 08:00,07/04/2023 09:00,127.4
07/04/2023 09:00,07/04/2023 10:00,204.1
07/04/2023 10:00,07/04/2023 11:00,277.9
07/04/2023 11:00,07/04/2023 12:00,339.4
07/04/2023 12:00,07/04/2023 13:00,381.1
07/04/2023 13:00,07/04/2023 14:00,389.3
07/04/2023 14:00,07/04/2023 15:00,363.7
07/04/2023 15:00,07/04/2023 16:00,327.5
07/04/2023 16:00,07/04/2023 17:00,262.8
07/04/2023 17:00,07/04/2023 18:00,188
07/04/2023 18:00,07/04/2023 19:00,107.3
07/04/2023 19:00,07/04/2023 20:00,29.4
07/04/2023 20:00,07/04/2023 21:00,0
07/04/2023 21:00,07/04/2023 22:00,0
07/04/2023 22:00,07/04/2023 23:00,0
07/04/2023 23:00,08/04/2023 00:00,0
08/04/2023 00:00,08/04/2023 01:00,0
08/04/2023 01:00,08/04/2023 02:00,0
08/04/2023 02:00,08/04/2023 03:00,0
08/04/2023 03:00,08/04/2023 04:00,0
08/04/2023 04:00,08/04/2023 05:00,0
08/04/2023 05:00,08/04/2023 06:00,0
08/04/2023 06:00,08/04/2023 07:00,0
08/04/2023 07:00,08/04/2023 08:00,54.3
08/04/2023 08:00,08/04/2023 09:00,139.6
08/04/2023 09:00,08/04/2023 10:00,220.6
08/04/2023 10:00,08/04/2023 11:00,302.7
08/04/2023 11:00,08/04/2023 12:00,364.1
08/04/2023 12:00,08/04/2023 13:00,389.4
08/04/2023 13:00,08/04/2023 14:00,386.3
08/04/2023 14:00,08/04/2023 15:00,359.3
08/04/2023 15:00,08/04/2023 16:00,325.7
08/04/2023 16:00,08/04/2023 17:00,241.1
08/04/2023 17:00,08/04/2023 18:00,169.9
08/04/2023 18:00,08/04/2023 19:00,95.9
08/04/2023 19:00,08/04/2023 20:00,29.8
08/04/2023 20:00,08/04/2023 21:00,0
08/04/2023 21:00,08/04/2023 22:00,0
08/04/2023 22:00,08/04/2023 23:00,0
08/04/2023 23:00,09/04/2023 00:00,0
09/04/2023 00:00,09/04/2023 01:00,0
09/04/2023 01:00,09/04/2023 02:00,0
09/04/2023 02:00,09/04/2023 03:00,0
09/04/2023 03:00,09/04/2023 04:00,0
09/04/2023 04:00,09/04/2023 05:00,0
09/04/2023 05:00,09/04/2023 06:00,0
09/04/2023 06:00,09/04/2023 07:00,0.1
09/04/2023 07:00,09/04/2023 08:00,58.7
09/04/2023 08:00,09/04/2023 09:00,145.7
09/04/2023 09:00,09/04/2023 10:00,224.7
09/04/2023 10:00,09/04/2023 11:00,302.4
09/04/2023 11:00,09/04/2023 12:00,369.2
09/04/2023 12:00,09/04/2023 13:00,395.8
09/04/2023 13:00,09/04/2023 14:00,392.1
09/04/2023 14:00,09/04/2023 15:00,338.3
09/04/2023 15:00,09/04/2023 16:00,295.8
09/04/2023 16:00,09/04/2023 17:00,234.4
09/04/2023 17:00,09/04/2023 18:00,165.9
09/04/2023 18:00,09/04/2023 19:00,97.9
09/04/2023 19:00,09/04/2023 20:00,29.9
09/04/2023 20:00,09/04/2023 21:00,0
09/04/2023 21:00,09/04/2023 22:00,0
09/04/2023 22:00,09/04/2023 23:00,0
09/04/2023 23:00,10/04/2023 00:00,0
10/04/2023 00:00,10/04/2023 01:00,0
10/04/2023 01:00,10/04/2023 02:00,0
10/04/2023 02:00,10/04/2023 03:00,0
10/04/2023 03:00,10/04/2023 04:00,0
10/04/2023 04:00,10/04/2023 05:00,0
10/04/2023 05:00,10/04/2023 06:00,0
10/04/2023 06:00,10/04/2023 07:00,1.2
10/04/2023 07:00,10/04/2023 08:00,62.6
10/04/2023 08:00,10/04/2023 09:00,149
10/04/2023 09:00,10/04/2023 10:00,231.6
10/04/2023 10:00,10/04/2023 11:00,307
10/04/2023 11:00,10/04/2023 12:00,386.2
10/04/2023 12:00,10/04/2023 13:00,419.8
10/04/2023 13:00,10/04/2023 14:00,415.3
10/04/2023 14:00,10/04/2023 15:00,381.9
10/04/2023 15:00,10/04/2023 16:00,336.7
10/04/2023 16:00,10/04/2023 17:00,260.9
10/04/2023 17:00,10/04/2023 18:00,184.9
10/04/2023 18:00,10/04/2023 19:00,109.9
10/04/2023 19:00,10/04/2023 20:00,36.3
10/04/2023 20:00,10/04/2023 21:00,0
10/04/2023 21:00,10/04/2023 22:00,0
10/04/2023 22:00,10/04/2023 23:00,0
10/04/2023 23:00,11/04/2023 00:00,0
11/04/2023 00:00,11/04/2023 01:00,0
11/04/2023 01:00,11/04/2023 02:00,0
11/04/2023 02:00,11/04/2023 03:00,0
11/04/2023 03:00,11/04/2023 04:00,0
11/04/2023 04:00,11/04/2023 05:00,0
11/04/2023 05:00,11/04/2023 06:00,0
11/04/2023 06:00,11/04/2023 07:00,1
11/04/2023 07:00,11/04/2023 08:00,46.1
11/04/2023 08:00,11/04/2023 09:00,103.4
11/04/2023 09:00,11/04/2023 10:00,160.2
11/04/2023 10:00,11/04/2023 11:00,225.4
11/04/2023 11:00,11/04/2023 12:00,325.2
11/04/2023 12:00,11/04/2023 13:00,338.2
11/04/2023 13:00,11/04/2023 14:00,348.1
11/04/2023 14:00,11/04/2023 15:00,284
11/04/2023 15:00,11/04/2023 16:00,255.4
11/04/2023 16:00,11/04/2023 17:00,210.4
11/04/2023 17:00,11/04/2023 18:00,152.6
11/04/2023 18:00,11/04/2023 19:00,91.4
11/04/2023 19:00,11/04/2023 20:00,34.6
11/04/2023 20:00,11/04/2023 21:00,0
11/04/2023 21:00,11/04/2023 22:00,0
11/04/2023 22:00,11/04/2023 23:00,0
11/04/2023 23:00,12/04/2023 00:00,0
12/04/2023 00:00,12/04/2023 01:00,0
12/04/2023 01:00,12/04/2023 02:00,0
12/04/2023 02:00,12/04/2023 03:00,0
12/04/2023 03:00,12/04/2023 04:00,0
12/04/2023 04:00,12/04/2023 05:00,0
12/04/2023 05:00,12/04/2023 06:00,0
12/04/2023 06:00,12/04/2023 07:00,1.6
12/04/2023 07:00,12/04/2023 08:00,49.3
12/04/2023 08:00,12/04/2023 09:00,113.7
12/04/2023 09:00,12/04/2023 10:00,177.7
12/04/2023 10:00,12/04/2023 11:00,266.6
12/04/2023 11:00,12/04/2023 12:00,362.5
12/04/2023 12:00,12/04/2023 13:00,394.1
12/04/2023 13:00,12/04/2023 14:00,404.8
12/04/2023 14:00,12/04/2023 15:00,368.9
12/04/2023 15:00,12/04/2023 16:00,326.1
12/04/2023 16:00,12/04/2023 17:00,255.6
12/04/2023 17:00,12/04/2023 18:00,174.7
12/04/2023 18:00,12/04/2023 19:00,106.4
12/04/2023 19:00,12/04/2023 20:00,43.7
12/04/2023 20:00,12/04/2023 21:00,0
12/04/2023 21:00,12/04/2023 22:00,0
12/04/2023 22:00,12/04/2023 23:00,0
12/04/2023 23:00,13/04/2023 00:00,0
13/04/2023 00:00,13/04/2023 01:00,0
13/04/2023 01:00,13/04/2023 02:00,0
13/04/2023 02:00,13/04/2023 03:00,0
13/04/2023 03:00,13/04/2023 04:00,0
13/04/2023 04:00,13/04/2023 05:00,0
13/04/2023 05:00,13/04/2023 06:00,0
13/04/2023 06:00,13/04/2023 07:00,3.6
13/04/2023 07:00,13/04/2023 08:00,55.3
13/04/2023 08:00,13/04/2023 09:00,111.2
13/04/2023 09:00,13/04/2023 10:00,164.5
13/04/2023 10:00,13/04/2023 11:00,210.7
13/04/2023 11:00,13/04/2023 12:00,309.4
13/04/2023 12:00,13/04/2023 13:00,319.4
13/04/2023 13:00,13/04/2023 14:00,322.7
13/04/2023 14:00,13/04/2023 15:00,240.3
13/04/2023 15:00,13/04/2023 16:00,245.7
13/04/2023 16:00,13/04/2023 17:00,199.5
13/04/2023 17:00,13/04/2023 18:00,146.3
13/04/2023 18:00,13/04/2023 19:00,94.8
13/04/2023 19:00,13/04/2023 20:00,39.8
13/04/2023 20:00,13/04/2023 21:00,0
13/04/2023 21:00,13/04/2023 22:00,0
13/04/2023 22:00,13/04/2023 23:00,0
13/04/2023 23:00,14/04/2023 00:00,0
14/04/2023 00:00,14/04/2023 01:00,0
14/04/2023 01:00,14/04/2023 02:00,0
14/04/2023 02:00,14/04/2023 03:00,0
14/04/2023 03:00,14/04/2023 04:00,0
14/04/2023 04:00,14/04/2023 05:00,0
14/04/2023 05:00,14/04/2023 06:00,0
14/04/2023 06:00,14/04/2023 07:00,6.1
14/04/2023 07:00,14/04/2023 08:00,74.4
14/04/2023 08:00,14/04/2023 09:00,161.3
14/04/2023 09:00,14/04/2023 10:00,238
14/04/2023 10:00,14/04/2023 11:00,309.1
14/04/2023 11:00,14/04/2023 12:00,380.9
14/04/2023 12:00,14/04/2023 13:00,436.2
14/04/2023 13:00,14/04/2023 14:00,449.1
14/04/2023 14:00,14/04/2023 15:00,413.4
14/04/2023 15:00,14/04/2023 16:00,374.2
14/04/2023 16:00,14/04/2023 17:00,310.9
14/04/2023 17:00,14/04/2023 18:00,228
14/04/2023 18:00,14/04/2023 19:00,143.9
14/04/2023 19:00,14/04/2023 20:00,60.3
14/04/2023 20:00,14/04/2023 21:00,0.3
14/04/2023 21:00,14/04/2023 22:00,0
14/04/2023 22:00,14/04/2023 23:00,0
14/04/2023 23:00,15/04/2023 00:00,0
15/04/2023 00:00,15/04/2023 01:00,0
15/04/2023 01:00,15/04/2023 02:00,0
15/04/2023 02:00,15/04/2023 03:00,0
15/04/2023 03:00,15/04/2023 04:00,0
15/04/2023 04:00,15/04/2023 05:00,0
15/04/2023 05:00,15/04/2023 06:00,0
15/04/2023 06:00,15/04/2023 07:00,8.3
15/04/2023 07:00,15/04/2023 08:00,80.3
15/04/2023 08:00,15/04/2023 09:00,164.4
15/04/2023 09:00,15/04/2023 10:00,242
15/04/2023 10:00,15/04/2023 11:00,319.6
15/04/2023 11:00,15/04/2023 12:00,393.6
15/04/2023 12:00,15/04/2023 13:00,416.8
15/04/2023 13:00,15/04/2023 14:00,422.8
15/04/2023 14:00,15/04/2023 15:00,411.4
15/04/2023 15:00,15/04/2023 16:00,373.8
15/04/2023 16:00,15/04/2023 17:00,311.5
15/04/2023 17:00,15/04/2023 18:00,228.7
15/04/2023 18:00,15/04/2023 19:00,145.3
15/04/2023 19:00,15/04/2023 20:00,64
15/04/2023 20:00,15/04/2023 21:00,0.3
15/04/2023 21:00,15/04/2023 22:00,0
15/04/2023 22:00,15/04/2023 23:00,0
15/04/2023 23:00,16/04/2023 00:00,0
16/04/2023 00:00,16/04/2023 01:00,0
16/04/2023 01:00,16/04/2023 02:00,0
16/04/2023 02:00,16/04/2023 03:00,0
16/04/2023 03:00,16/04/2023 04:00,0
16/04/2023 04:00,16/04/2023 05:00,0
16/04/2023 05:00,16/04/2023 06:00,0
16/04/2023 06:00,16/04/2023 07:00,9.1
16/04/2023 07:00,16/04/2023 08:00,92.5
16/04/2023 08:00,16/04/2023 09:00,185.6
16/04/2023 09:00,16/04/2023 10:00,270.1
16/04/2023 10:00,16/04/2023 11:00,353.3
16/04/2023 11:00,16/04/2023 12:00,418.2
16/04/2023 12:00,16/04/2023 13:00,458.3
16/04/2023 13:00,16/04/2023 14:00,466.1
16/04/2023 14:00,16/04/2023 15:00,436.5
16/04/2023 15:00,16/04/2023 16:00,389.3
16/04/2023 16:00,16/04/2023 17:00,322
16/04/2023 17:00,16/04/2023 18:00,237.1
16/04/2023 18:00,16/04/2023 19:00,151.7
16/04/2023 19:00,16/04/2023 20:00,67.6
16/04/2023 20:00,16/04/2023 21:00,1.1
16/04/2023 21:00,16/04/2023 22:00,0
16/04/2023 22:00,16/04/2023 23:00,0
16/04/2023 23:00,17/04/2023 00:00,0
17/04/2023 00:00,17/04/2023 01:00,0
17/04/2023 01:00,17/04/2023 02:00,0
17/04/2023 02:00,17/04/2023 03:00,0
17/04/2023 03:00,17/04/2023 04:00,0
17/04/2023 04:00,17/04/2023 05:00,0
17/04/2023 05:00,17/04/2023 06:00,0
17/04/2023 06:00,17/04/2023 07:00,14.1
17/04/2023 07:00,17/04/2023 08:00,92.9
17/04/2023 08:00,17/04/2023 09:00,181.7
17/04/2023 09:00,17/04/2023 10:00,270.5
17/04/2023 10:00,17/04/2023 11:00,351.1
17/04/2023 11:00,17/04/2023 12:00,419.3
17/04/2023 12:00,17/04/2023 13:00,458
17/04/2023 13:00,17/04/2023 14:00,459
17/04/2023 14:00,17/04/2023 15:00,422.8
17/04/2023 15:00,17/04/2023 16:00,373.2
17/04/2023 16:00,17/04/2023 17:00,298.9
17/04/2023 17:00,17/04/2023 18:00,222
17/04/2023 18:00,17/04/2023 19:00,141.9
17/04/2023 19:00,17/04/2023 20:00,64.2
17/04/2023 20:00,17/04/2023 21:00,1.2
17/04/2023 21:00,17/04/2023 22:00,0
17/04/2023 22:00,17/04/2023 23:00,0
17/04/2023 23:00,18/04/2023 00:00,0
18/04/2023 00:00,18/04/2023 01:00,0
18/04/2023 01:00,18/04/2023 02:00,0
18/04/2023 02:00,18/04/2023 03:00,0
18/04/2023 03:00,18/04/2023 04:00,0
18/04/2023 04:00,18/04/2023 05:00,0
18/04/2023 05:00,18/04/2023 06:00,0
18/04/2023 06:00,18/04/2023 07:00,11.2
18/04/2023 07:00,18/04/2023 08:00,75.5
18/04/2023 08:00,18/04/2023 09:00,147.9
18/04/2023 09:00,18/04/2023 10:00,226.4
18/04/2023 10:00,18/04/2023 11:00,308.8
18/04/2023 11:00,18/04/2023 12:00,390
18/04/2023 12:00,18/04/2023 13:00,423.2
18/04/2023 13:00,18/04/2023 14:00,425.3
18/04/2023 14:00,18/04/2023 15:00,423.3
18/04/2023 15:00,18/04/2023 16:00,382.1
18/04/2023 16:00,18/04/2023 17:00,322.3
18/04/2023 17:00,18/04/2023 18:00,241.1
18/04/2023 18:00,18/04/2023 19:00,156.4
18/04/2023 19:00,18/04/2023 20:00,73.6
18/04/2023 20:00,18/04/2023 21:00,3.5
18/04/2023 21:00,18/04/2023 22:00,0
18/04/2023 22:00,18/04/2023 23:00,0
18/04/2023 23:00,19/04/2023 00:00,0
19/04/2023 00:00,19/04/2023 01:00,0
19/04/2023 01:00,19/04/2023 02:00,0
19/04/2023 02:00,19/04/2023 03:00,0
19/04/2023 03:00,19/04/2023 04:00,0
19/04/2023 04:00,19/04/2023 05:00,0
19/04/2023 05:00,19/04/2023 06:00,0
19/04/2023 06:00,19/04/2023 07:00,19.1
19/04/2023 07:00,19/04/2023 08:00,101.8
19/04/2023 08:00,19/04/2023 09:00,189
19/04/2023 09:00,19/04/2023 10:00,273.5
19/04/2023 10:00,19/04/2023 11:00,348.8
19/04/2023 11:00,19/04/2023 12:00,410.8
19/04/2023 12:00,19/04/2023 13:00,439.4
19/04/2023 13:00,19/04/2023 14:00,445.5
19/04/2023 14:00,19/04/2023 15:00,396.9
19/04/2023 15:00,19/04/2023 16:00,349.9
19/04/2023 16:00,19/04/2023 17:00,276
19/04/2023 17:00,19/04/2023 18:00,206.9
19/04/2023 18:00,19/04/2023 19:00,135.9
19/04/2023 19:00,19/04/2023 20:00,67.5
19/04/2023 20:00,19/04/2023 21:00,3.7
19/04/2023 21:00,19/04/2023 22:00,0
19/04/2023 22:00,19/04/2023 23:00,0
19/04/2023 23:00,20/04/2023 00:00,0
20/04/2023 00:00,20/04/2023 01:00,0
20/04/2023 01:00,20/04/2023 02:00,0
20/04/2023 02:00,20/04/2023 03:00,0
20/04/2023 03:00,20/04/2023 04:00,0
20/04/2023 04:00,20/04/2023 05:00,0
20/04/2023 05:00,20/04/2023 06:00,0
20/04/2023 06:00,20/04/2023 07:00,16.7
20/04/2023 07:00,20/04/2023 08:00,86.8
20/04/2023 08:00,20/04/2023 09:00,166.1
20/04/2023 09:00,20/04/2023 10:00,249.3
20/04/2023 10:00,20/04/2023 11:00,319.9
20/04/2023 11:00,20/04/2023 12:00,365.1
20/04/2023 12:00,20/04/2023 13:00,388.2
20/04/2023 13:00,20/04/2023 14:00,397
20/04/2023 14:00,20/04/2023 15:00,376.4
20/04/2023 15:00,20/04/2023 16:00,343.5
20/04/2023 16:00,20/04/2023 17:00,285.3
20/04/2023 17:00,20/04/2023 18:00,221.9
20/04/2023 18:00,20/04/2023 19:00,142.3
20/04/2023 19:00,20/04/2023 20:00,72.2
20/04/2023 20:00,20/04/2023 21:00,4.4
20/04/2023 21:00,20/04/2023 22:00,0
20/04/2023 22:00,20/04/2023 23:00,0
20/04/2023 23:00,21/04/2023 00:00,0
21/04/2023 00:00,21/04/2023 01:00,0
21/04/2023 01:00,21/04/2023 02:00,0
21/04/2023 02:00,21/04/2023 03:00,0
21/04/2023 03:00,21/04/2023 04:00,0
21/04/2023 04:00,21/04/2023 05:00,0
21/04/2023 05:00,21/04/2023 06:00,0
21/04/2023 06:00,21/04/2023 07:00,23.7
21/04/2023 07:00,21/04/2023 08:00,96
21/04/2023 08:00,21/04/2023 09:00,179.6
21/04/2023 09:00,21/04/2023 10:00,265.6
21/04/2023 10:00,21/04/2023 11:00,334.3
21/04/2023 11:00,21/04/2023 12:00,424.8
21/04/2023 12:00,21/04/2023 13:00,458.8
21/04/2023 13:00,21/04/2023 14:00,467.8
21/04/2023 14:00,21/04/2023 15:00,420.1
21/04/2023 15:00,21/04/2023 16:00,369.4
21/04/2023 16:00,21/04/2023 17:00,316.3
21/04/2023 17:00,21/04/2023 18:00,237.6
21/04/2023 18:00,21/04/2023 19:00,158.9
21/04/2023 19:00,21/04/2023 20:00,80.4
21/04/2023 20:00,21/04/2023 21:00,5.1
21/04/2023 21:00,21/04/2023 22:00,0
21/04/2023 22:00,21/04/2023 23:00,0
21/04/2023 23:00,22/04/2023 00:00,0
22/04/2023 00:00,22/04/2023 01:00,0
22/04/2023 01:00,22/04/2023 02:00,0
22/04/2023 02:00,22/04/2023 03:00,0
22/04/2023 03:00,22/04/2023 04:00,0
22/04/2023 04:00,22/04/2023 05:00,0
22/04/2023 05:00,22/04/2023 06:00,0
22/04/2023 06:00,22/04/2023 07:00,28.5
22/04/2023 07:00,22/04/2023 08:00,105.2
22/04/2023 08:00,22/04/2023 09:00,191.9
22/04/2023 09:00,22/04/2023 10:00,281
22/04/2023 10:00,22/04/2023 11:00,350.3
22/04/2023 11:00,22/04/2023 12:00,419.9
22/04/2023 12:00,22/04/2023 13:00,459.3
22/04/2023 13:00,22/04/2023 14:00,469.1
22/04/2023 14:00,22/04/2023 15:00,431.7
22/04/2023 15:00,22/04/2023 16:00,380.5
22/04/2023 16:00,22/04/2023 17:00,320.1
22/04/2023 17:00,22/04/2023 18:00,248.4
22/04/2023 18:00,22/04/2023 19:00,163.9
22/04/2023 19:00,22/04/2023 20:00,86.7
22/04/2023 20:00,22/04/2023 21:00,7.9
22/04/2023 21:00,22/04/2023 22:00,0
22/04/2023 22:00,22/04/2023 23:00,0
22/04/2023 23:00,23/04/2023 00:00,0
23/04/2023 00:00,23/04/2023 01:00,0
23/04/2023 01:00,23/04/2023 02:00,0
23/04/2023 02:00,23/04/2023 03:00,0
23/04/2023 03:00,23/04/2023 04:00,0
23/04/2023 04:00,23/04/2023 05:00,0
23/04/2023 05:00,23/04/2023 06:00,0
23/04/2023 06:00,23/04/2023 07:00,22.7
23/04/2023 07:00,23/04/2023 08:00,88.8
23/04/2023 08:00,23/04/2023 09:00,153.5
23/04/2023 09:00,23/04/2023 10:00,230.6
23/04/2023 10:00,23/04/2023 11:00,281.2
23/04/2023 11:00,23/04/2023 12:00,349.5
23/04/2023 12:00,23/04/2023 13:00,353
23/04/2023 13:00,23/04/2023 14:00,351.3
23/04/2023 14:00,23/04/2023 15:00,291.3
23/04/2023 15:00,23/04/2023 16:00,275.3
23/04/2023 16:00,23/04/2023 17:00,220.8
23/04/2023 17:00,23/04/2023 18:00,161
23/04/2023 18:00,23/04/2023 19:00,103.7
23/04/2023 19:00,23/04/2023 20:00,52
23/04/2023 20:00,23/04/2023 21:00,1
23/04/2023 21:00,23/04/2023 22:00,0
23/04/2023 22:00,23/04/2023 23:00,0
23/04/2023 23:00,24/04/2023 00:00,0
24/04/2023 00:00,24/04/2023 01:00,0
24/04/2023 01:00,24/04/2023 02:00,0
24/04/2023 02:00,24/04/2023 03:00,0
24/04/2023 03:00,24/04/2023 04:00,0
24/04/2023 04:00,24/04/2023 05:00,0
24/04/2023 05:00,24/04/2023 06:00,0
24/04/2023 06:00,24/04/2023 07:00,8.8
24/04/2023 07:00,24/04/2023 08:00,40.7
24/04/2023 08:00,24/04/2023 09:00,78.3
24/04/2023 09:00,24/04/2023 10:00,118.3
24/04/2023 10:00,24/04/2023 11:00,220.1
24/04/2023 11:00,24/04/2023 12:00,302.1
24/04/2023 12:00,24/04/2023 13:00,349.7
24/04/2023 13:00,24/04/2023 14:00,365.9
24/04/2023 14:00,24/04/2023 15:00,346.6
24/04/2023 15:00,24/04/2023 16:00,336.5
24/04/2023 16:00,24/04/2023 17:00,280.8
24/04/2023 17:00,24/04/2023 18:00,199.6
24/04/2023 18:00,24/04/2023 19:00,128.4
24/04/2023 19:00,24/04/2023 20:00,66.8
24/04/2023 20:00,24/04/2023 21:00,6
24/04/2023 21:00,24/04/2023 22:00,0
24/04/2023 22:00,24/04/2023 23:00,0
24/04/2023 23:00,25/04/2023 00:00,0
25/04/2023 00:00,25/04/2023 01:00,0
25/04/2023 01:00,25/04/2023 02:00,0
25/04/2023 02:00,25/04/2023 03:00,0
25/04/2023 03:00,25/04/2023 04:00,0
25/04/2023 04:00,25/04/2023 05:00,0
25/04/2023 05:00,25/04/2023 06:00,0
25/04/2023 06:00,25/04/2023 07:00,19.9
25/04/2023 07:00,25/04/2023 08:00,61.5
25/04/2023 08:00,25/04/2023 09:00,105.8
25/04/2023 09:00,25/04/2023 10:00,156.7
25/04/2023 10:00,25/04/2023 11:00,225.9
25/04/2023 11:00,25/04/2023 12:00,351.1
25/04/2023 12:00,25/04/2023 13:00,352.1
25/04/2023 13:00,25/04/2023 14:00,375.3
25/04/2023 14:00,25/04/2023 15:00,330.5
25/04/2023 15:00,25/04/2023 16:00,305.7
25/04/2023 16:00,25/04/2023 17:00,261.4
25/04/2023 17:00,25/04/2023 18:00,200.2
25/04/2023 18:00,25/04/2023 19:00,132.7
25/04/2023 19:00,25/04/2023 20:00,76.2
25/04/2023 20:00,25/04/2023 21:00,4.8
25/04/2023 21:00,25/04/2023 22:00,0
25/04/2023 22:00,25/04/2023 23:00,0
25/04/2023 23:00,26/04/2023 00:00,0
26/04/2023 00:00,26/04/2023 01:00,0
26/04/2023 01:00,26/04/2023 02:00,0
26/04/2023 02:00,26/04/2023 03:00,0
26/04/2023 03:00,26/04/2023 04:00,0
26/04/2023 04:00,26/04/2023 05:00,0
26/04/2023 05:00,26/04/2023 06:00,0
26/04/2023 06:00,26/04/2023 07:00,27.9
26/04/2023 07:00,26/04/2023 08:00,87.2
26/04/2023 08:00,26/04/2023 09:00,143.8
26/04/2023 09:00,26/04/2023 10:00,209.4
26/04/2023 10:00,26/04/2023 11:00,256.5
26/04/2023 11:00,26/04/2023 12:00,296.7
26/04/2023 12:00,26/04/2023 13:00,328.7
26/04/2023 13:00,26/04/2023 14:00,338
26/04/2023 14:00,26/04/2023 15:00,311.9
26/04/2023 15:00,26/04/2023 16:00,255
26/04/2023 16:00,26/04/2023 17:00,220.2
26/04/2023 17:00,26/04/2023 18:00,160.3
26/04/2023 18:00,26/04/2023 19:00,101.3
26/04/2023 19:00,26/04/2023 20:00,46.8
26/04/2023 20:00,26/04/2023 21:00,3
26/04/2023 21:00,26/04/2023 22:00,0
26/04/2023 22:00,26/04/2023 23:00,0
26/04/2023 23:00,27/04/2023 00:00,0
27/04/2023 00:00,27/04/2023 01:00,0
27/04/2023 01:00,27/04/2023 02:00,0
27/04/2023 02:00,27/04/2023 03:00,0
27/04/2023 03:00,27/04/2023 04:00,0
27/04/2023 04:00,27/04/2023 05:00,0
27/04/2023 05:00,27/04/2023 06:00,0.1
27/04/2023 06:00,27/04/2023 07:00,21.7
27/04/2023 07:00,27/04/2023 08:00,65.5
27/04/2023 08:00,27/04/2023 09:00,109.8
27/04/2023 09:00,27/04/2023 10:00,153.3
27/04/2023 10:00,27/04/2023 11:00,191.1
27/04/2023 11:00,27/04/2023 12:00,290.4
27/04/2023 12:00,27/04/2023 13:00,300.5
27/04/2023 13:00,27/04/2023 14:00,316.6
27/04/2023 14:00,27/04/2023 15:00,221.5
27/04/2023 15:00,27/04/2023 16:00,213.3
27/04/2023 16:00,27/04/2023 17:00,184
27/04/2023 17:00,27/04/2023 18:00,154.2
27/04/2023 18:00,27/04/2023 19:00,108.8
27/04/2023 19:00,27/04/2023 20:00,62.6
27/04/2023 20:00,27/04/2023 21:00,12.9
27/04/2023 21:00,27/04/2023 22:00,0
27/04/2023 22:00,27/04/2023 23:00,0
27/04/2023 23:00,28/04/2023 00:00,0
28/04/2023 00:00,28/04/2023 01:00,0
28/04/2023 01:00,28/04/2023 02:00,0
28/04/2023 02:00,28/04/2023 03:00,0
28/04/2023 03:00,28/04/2023 04:00,0
28/04/2023 04:00,28/04/2023 05:00,0
28/04/2023 05:00,28/04/2023 06:00,0.2
28/04/2023 06:00,28/04/2023 07:00,36.3
28/04/2023 07:00,28/04/2023 08:00,102.6
28/04/2023 08:00,28/04/2023 09:00,175.1
28/04/2023 09:00,28/04/2023 10:00,255.6
28/04/2023 10:00,28/04/2023 11:00,312.7
28/04/2023 11:00,28/04/2023 12:00,376.2
28/04/2023 12:00,28/04/2023 13:00,403.2
28/04/2023 13:00,28/04/2023 14:00,417.2
28/04/2023 14:00,28/04/2023 15:00,369.6
28/04/2023 15:00,28/04/2023 16:00,314.1
28/04/2023 16:00,28/04/2023 17:00,268.1
28/04/2023 17:00,28/04/2023 18:00,220.3
28/04/2023 18:00,28/04/2023 19:00,147.1
28/04/2023 19:00,28/04/2023 20:00,82
28/04/2023 20:00,28/04/2023 21:00,17.3
28/04/2023 21:00,28/04/2023 22:00,0
28/04/2023 22:00,28/04/2023 23:00,0
28/04/2023 23:00,29/04/2023 00:00,0
29/04/2023 00:00,29/04/2023 01:00,0
29/04/2023 01:00,29/04/2023 02:00,0
29/04/2023 02:00,29/04/2023 03:00,0
29/04/2023 03:00,29/04/2023 04:00,0
29/04/2023 04:00,29/04/2023 05:00,0
29/04/2023 05:00,29/04/2023 06:00,0.4
29/04/2023 06:00,29/04/2023 07:00,36.1
29/04/2023 07:00,29/04/2023 08:00,104.8
29/04/2023 08:00,29/04/2023 09:00,174.3
29/04/2023 09:00,29/04/2023 10:00,257.5
29/04/2023 10:00,29/04/2023 11:00,326.8
29/04/2023 11:00,29/04/2023 12:00,395.7
29/04/2023 12:00,29/04/2023 13:00,401.9
29/04/2023 13:00,29/04/2023 14:00,384.4
29/04/2023 14:00,29/04/2023 15:00,350.8
29/04/2023 15:00,29/04/2023 16:00,294.1
29/04/2023 16:00,29/04/2023 17:00,247.6
29/04/2023 17:00,29/04/2023 18:00,165.8
29/04/2023 18:00,29/04/2023 19:00,103.8
29/04/2023 19:00,29/04/2023 20:00,53.5
29/04/2023 20:00,29/04/2023 21:00,7.9
29/04/2023 21:00,29/04/2023 22:00,0
29/04/2023 22:00,29/04/2023 23:00,0
29/04/2023 23:00,30/04/2023 00:00,0
30/04/2023 00:00,30/04/2023 01:00,0
30/04/2023 01:00,30/04/2023 02:00,0
30/04/2023 02:00,30/04/2023 03:00,0
30/04/2023 03:00,30/04/2023 04:00,0
30/04/2023 04:00,30/04/2023 05:00,0
30/04/2023 05:00,30/04/2023 06:00,0.1
30/04/2023 06:00,30/04/2023 07:00,22.7
30/04/2023 07:00,30/04/2023 08:00,62.6
30/04/2023 08:00,30/04/2023 09:00,97.7
30/04/2023 09:00,30/04/2023 10:00,128
30/04/2023 10:00,30/04/2023 11:00,196.8
30/04/2023 11:00,30/04/2023 12:00,277.9
30/04/2023 12:00,30/04/2023 13:00,293.5
30/04/2023 13:00,30/04/2023 14:00,299.4
30/04/2023 14:00,30/04/2023 15:00,284
30/04/2023 15:00,30/04/2023 16:00,278.6
30/04/2023 16:00,30/04/2023 17:00,246.8
30/04/2023 17:00,30/04/2023 18:00,206.8
30/04/2023 18:00,30/04/2023 19:00,143.7
30/04/2023 19:00,30/04/2023 20:00,85
30/04/2023 20:00,30/04/2023 21:00,22.9
30/04/2023 21:00,30/04/2023 22:00,0
30/04/2023 22:00,30/04/2023 23:00,0
30/04/2023 23:00,01/05/2023 00:00,0
