StartTime,EndTime,WindPowerGeneration
01/02/2023 00:00,01/02/2023 01:00,771
01/02/2023 01:00,01/02/2023 02:00,765
01/02/2023 02:00,01/02/2023 03:00,675
01/02/2023 03:00,01/02/2023 04:00,604
01/02/2023 04:00,01/02/2023 05:00,463
01/02/2023 05:00,01/02/2023 06:00,300
01/02/2023 06:00,01/02/2023 07:00,279
01/02/2023 07:00,01/02/2023 08:00,316
01/02/2023 08:00,01/02/2023 09:00,328
01/02/2023 09:00,01/02/2023 10:00,324
01/02/2023 10:00,01/02/2023 11:00,283
01/02/2023 11:00,01/02/2023 12:00,233
01/02/2023 12:00,01/02/2023 13:00,182
01/02/2023 13:00,01/02/2023 14:00,128
01/02/2023 14:00,01/02/2023 15:00,100
01/02/2023 15:00,01/02/2023 16:00,92
01/02/2023 16:00,01/02/2023 17:00,98
01/02/2023 17:00,01/02/2023 18:00,107
01/02/2023 18:00,01/02/2023 19:00,113
01/02/2023 19:00,01/02/2023 20:00,104
01/02/2023 20:00,01/02/2023 21:00,98
01/02/2023 21:00,01/02/2023 22:00,106
01/02/2023 22:00,01/02/2023 23:00,122
01/02/2023 23:00,02/02/2023 00:00,129
02/02/2023 00:00,02/02/2023 01:00,168
02/02/2023 01:00,02/02/2023 02:00,244
02/02/2023 02:00,02/02/2023 03:00,345
02/02/2023 03:00,02/02/2023 04:00,385
02/02/2023 04:00,02/02/2023 05:00,441
02/02/2023 05:00,02/02/2023 06:00,523
02/02/2023 06:00,02/02/2023 07:00,625
02/02/2023 07:00,02/02/2023 08:00,644
02/02/2023 08:00,02/02/2023 09:00,646
02/02/2023 09:00,02/02/2023 10:00,635
02/02/2023 10:00,02/02/2023 11:00,609
02/02/2023 11:00,02/02/2023 12:00,578
02/02/2023 12:00,02/02/2023 13:00,483
02/02/2023 13:00,02/02/2023 14:00,440
02/02/2023 14:00,02/02/2023 15:00,457
02/02/2023 15:00,02/02/2023 16:00,532
02/02/2023 16:00,02/02/2023 17:00,631
02/02/2023 17:00,02/02/2023 18:00,697
02/02/2023 18:00,02/02/2023 19:00,677
02/02/2023 19:00,02/02/2023 20:00,703
02/02/2023 20:00,02/02/2023 21:00,757
02/02/2023 21:00,02/02/2023 22:00,751
02/02/2023 22:00,02/02/2023 23:00,774
02/02/2023 23:00,03/02/2023 00:00,710
03/02/2023 00:00,03/02/2023 01:00,674
03/02/2023 01:00,03/02/2023 02:00,623
03/02/2023 02:00,03/02/2023 03:00,567
03/02/2023 03:00,03/02/2023 04:00,561
03/02/2023 04:00,03/02/2023 05:00,539
03/02/2023 05:00,03/02/2023 06:00,448
03/02/2023 06:00,03/02/2023 07:00,481
03/02/2023 07:00,03/02/2023 08:00,532
03/02/2023 08:00,03/02/2023 09:00,528
03/02/2023 09:00,03/02/2023 10:00,540
03/02/2023 10:00,03/02/2023 11:00,458
03/02/2023 11:00,03/02/2023 12:00,423
03/02/2023 12:00,03/02/2023 13:00,410
03/02/2023 13:00,03/02/2023 14:00,412
03/02/2023 14:00,03/02/2023 15:00,483
03/02/2023 15:00,03/02/2023 16:00,649
03/02/2023 16:00,03/02/2023 17:00,988
03/02/2023 17:00,03/02/2023 18:00,1349
03/02/2023 18:00,03/02/2023 19:00,1587
03/02/2023 19:00,03/02/2023 20:00,1686
03/02/2023 20:00,03/02/2023 21:00,1847
03/02/2023 21:00,03/02/2023 22:00,2083
03/02/2023 22:00,03/02/2023 23:00,2200
03/02/2023 23:00,04/02/2023 00:00,2150
04/02/2023 00:00,04/02/2023 01:00,2124
04/02/2023 01:00,04/02/2023 02:00,2192
04/02/2023 02:00,04/02/2023 03:00,2120
04/02/2023 03:00,04/02/2023 04:00,1925
04/02/2023 04:00,04/02/2023 05:00,1710
04/02/2023 05:00,04/02/2023 06:00,1510
04/02/2023 06:00,04/02/2023 07:00,1201
04/02/2023 07:00,04/02/2023 08:00,941
04/02/2023 08:00,04/02/2023 09:00,829
04/02/2023 09:00,04/02/2023 10:00,706
04/02/2023 10:00,04/02/2023 11:00,540
04/02/2023 11:00,04/02/2023 12:00,396
04/02/2023 12:00,04/02/2023 13:00,332
04/02/2023 13:00,04/02/2023 14:00,293
04/02/2023 14:00,04/02/2023 15:00,306
04/02/2023 15:00,04/02/2023 16:00,317
04/02/2023 16:00,04/02/2023 17:00,445
04/02/2023 17:00,04/02/2023 18:00,733
04/02/2023 18:00,04/02/2023 19:00,1077
04/02/2023 19:00,04/02/2023 20:00,1352
04/02/2023 20:00,04/02/2023 21:00,1796
04/02/2023 21:00,04/02/2023 22:00,2126
04/02/2023 22:00,04/02/2023 23:00,2362
04/02/2023 23:00,05/02/2023 00:00,2501
05/02/2023 00:00,05/02/2023 01:00,2494
05/02/2023 01:00,05/02/2023 02:00,2469
05/02/2023 02:00,05/02/2023 03:00,2645
05/02/2023 03:00,05/02/2023 04:00,2937
05/02/2023 04:00,05/02/2023 05:00,3405
05/02/2023 05:00,05/02/2023 06:00,3748
05/02/2023 06:00,05/02/2023 07:00,3847
05/02/2023 07:00,05/02/2023 08:00,3829
05/02/2023 08:00,05/02/2023 09:00,3605
05/02/2023 09:00,05/02/2023 10:00,3417
05/02/2023 10:00,05/02/2023 11:00,2989
05/02/2023 11:00,05/02/2023 12:00,2512
05/02/2023 12:00,05/02/2023 13:00,2124
05/02/2023 13:00,05/02/2023 14:00,1726
05/02/2023 14:00,05/02/2023 15:00,1566
05/02/2023 15:00,05/02/2023 16:00,1442
05/02/2023 16:00,05/02/2023 17:00,1453
05/02/2023 17:00,05/02/2023 18:00,1695
05/02/2023 18:00,05/02/2023 19:00,1814
05/02/2023 19:00,05/02/2023 20:00,1914
05/02/2023 20:00,05/02/2023 21:00,1857
05/02/2023 21:00,05/02/2023 22:00,1823
05/02/2023 22:00,05/02/2023 23:00,2076
05/02/2023 23:00,06/02/2023 00:00,2072
06/02/2023 00:00,06/02/2023 01:00,2059
06/02/2023 01:00,06/02/2023 02:00,1990
06/02/2023 02:00,06/02/2023 03:00,2103
06/02/2023 03:00,06/02/2023 04:00,2586
06/02/2023 04:00,06/02/2023 05:00,2528
06/02/2023 05:00,06/02/2023 06:00,2465
06/02/2023 06:00,06/02/2023 07:00,2481
06/02/2023 07:00,06/02/2023 08:00,2375
06/02/2023 08:00,06/02/2023 09:00,1792
06/02/2023 09:00,06/02/2023 10:00,1277
06/02/2023 10:00,06/02/2023 11:00,970
06/02/2023 11:00,06/02/2023 12:00,695
06/02/2023 12:00,06/02/2023 13:00,490
06/02/2023 13:00,06/02/2023 14:00,303
06/02/2023 14:00,06/02/2023 15:00,535
06/02/2023 15:00,06/02/2023 16:00,917
06/02/2023 16:00,06/02/2023 17:00,1698
06/02/2023 17:00,06/02/2023 18:00,2429
06/02/2023 18:00,06/02/2023 19:00,2951
06/02/2023 19:00,06/02/2023 20:00,3210
06/02/2023 20:00,06/02/2023 21:00,3365
06/02/2023 21:00,06/02/2023 22:00,3516
06/02/2023 22:00,06/02/2023 23:00,3638
06/02/2023 23:00,07/02/2023 00:00,3766
07/02/2023 00:00,07/02/2023 01:00,3760
07/02/2023 01:00,07/02/2023 02:00,3738
07/02/2023 02:00,07/02/2023 03:00,3666
07/02/2023 03:00,07/02/2023 04:00,3685
07/02/2023 04:00,07/02/2023 05:00,3692
07/02/2023 05:00,07/02/2023 06:00,3647
07/02/2023 06:00,07/02/2023 07:00,3602
07/02/2023 07:00,07/02/2023 08:00,3575
07/02/2023 08:00,07/02/2023 09:00,3605
07/02/2023 09:00,07/02/2023 10:00,3599
07/02/2023 10:00,07/02/2023 11:00,3534
07/02/2023 11:00,07/02/2023 12:00,3576
07/02/2023 12:00,07/02/2023 13:00,3695
07/02/2023 13:00,07/02/2023 14:00,3786
07/02/2023 14:00,07/02/2023 15:00,3892
07/02/2023 15:00,07/02/2023 16:00,3812
07/02/2023 16:00,07/02/2023 17:00,3639
07/02/2023 17:00,07/02/2023 18:00,3576
07/02/2023 18:00,07/02/2023 19:00,3526
07/02/2023 19:00,07/02/2023 20:00,3282
07/02/2023 20:00,07/02/2023 21:00,2862
07/02/2023 21:00,07/02/2023 22:00,2434
07/02/2023 22:00,07/02/2023 23:00,1967
07/02/2023 23:00,08/02/2023 00:00,1681
08/02/2023 00:00,08/02/2023 01:00,1467
08/02/2023 01:00,08/02/2023 02:00,1299
08/02/2023 02:00,08/02/2023 03:00,1121
08/02/2023 03:00,08/02/2023 04:00,988
08/02/2023 04:00,08/02/2023 05:00,922
08/02/2023 05:00,08/02/2023 06:00,807
08/02/2023 06:00,08/02/2023 07:00,815
08/02/2023 07:00,08/02/2023 08:00,914
08/02/2023 08:00,08/02/2023 09:00,1080
08/02/2023 09:00,08/02/2023 10:00,1224
08/02/2023 10:00,08/02/2023 11:00,1532
08/02/2023 11:00,08/02/2023 12:00,1801
08/02/2023 12:00,08/02/2023 13:00,2061
08/02/2023 13:00,08/02/2023 14:00,2302
08/02/2023 14:00,08/02/2023 15:00,2667
08/02/2023 15:00,08/02/2023 16:00,3273
08/02/2023 16:00,08/02/2023 17:00,3831
08/02/2023 17:00,08/02/2023 18:00,4103
08/02/2023 18:00,08/02/2023 19:00,4371
08/02/2023 19:00,08/02/2023 20:00,4530
08/02/2023 20:00,08/02/2023 21:00,4638
08/02/2023 21:00,08/02/2023 22:00,4712
08/02/2023 22:00,08/02/2023 23:00,4734
08/02/2023 23:00,09/02/2023 00:00,4729
09/02/2023 00:00,09/02/2023 01:00,4675
09/02/2023 01:00,09/02/2023 02:00,4692
09/02/2023 02:00,09/02/2023 03:00,4635
09/02/2023 03:00,09/02/2023 04:00,4616
09/02/2023 04:00,09/02/2023 05:00,4528
09/02/2023 05:00,09/02/2023 06:00,4473
09/02/2023 06:00,09/02/2023 07:00,4389
09/02/2023 07:00,09/02/2023 08:00,4320
09/02/2023 08:00,09/02/2023 09:00,4430
09/02/2023 09:00,09/02/2023 10:00,4470
09/02/2023 10:00,09/02/2023 11:00,4430
09/02/2023 11:00,09/02/2023 12:00,4420
09/02/2023 12:00,09/02/2023 13:00,4434
09/02/2023 13:00,09/02/2023 14:00,4429
09/02/2023 14:00,09/02/2023 15:00,4420
09/02/2023 15:00,09/02/2023 16:00,4457
09/02/2023 16:00,09/02/2023 17:00,4424
09/02/2023 17:00,09/02/2023 18:00,4461
09/02/2023 18:00,09/02/2023 19:00,4525
09/02/2023 19:00,09/02/2023 20:00,4502
09/02/2023 20:00,09/02/2023 21:00,4455
09/02/2023 21:00,09/02/2023 22:00,4421
09/02/2023 22:00,09/02/2023 23:00,4362
09/02/2023 23:00,10/02/2023 00:00,4273
10/02/2023 00:00,10/02/2023 01:00,4090
10/02/2023 01:00,10/02/2023 02:00,3838
10/02/2023 02:00,10/02/2023 03:00,3424
10/02/2023 03:00,10/02/2023 04:00,3043
10/02/2023 04:00,10/02/2023 05:00,2289
10/02/2023 05:00,10/02/2023 06:00,2233
10/02/2023 06:00,10/02/2023 07:00,2423
10/02/2023 07:00,10/02/2023 08:00,2404
10/02/2023 08:00,10/02/2023 09:00,2404
10/02/2023 09:00,10/02/2023 10:00,2476
10/02/2023 10:00,10/02/2023 11:00,2317
10/02/2023 11:00,10/02/2023 12:00,2890
10/02/2023 12:00,10/02/2023 13:00,3425
10/02/2023 13:00,10/02/2023 14:00,3996
10/02/2023 14:00,10/02/2023 15:00,4164
10/02/2023 15:00,10/02/2023 16:00,4132
10/02/2023 16:00,10/02/2023 17:00,4158
10/02/2023 17:00,10/02/2023 18:00,4156
10/02/2023 18:00,10/02/2023 19:00,4143
10/02/2023 19:00,10/02/2023 20:00,4127
10/02/2023 20:00,10/02/2023 21:00,4125
10/02/2023 21:00,10/02/2023 22:00,3951
10/02/2023 22:00,10/02/2023 23:00,3710
10/02/2023 23:00,11/02/2023 00:00,3569
11/02/2023 00:00,11/02/2023 01:00,3192
11/02/2023 01:00,11/02/2023 02:00,2844
11/02/2023 02:00,11/02/2023 03:00,2458
11/02/2023 03:00,11/02/2023 04:00,2249
11/02/2023 04:00,11/02/2023 05:00,2094
11/02/2023 05:00,11/02/2023 06:00,1944
11/02/2023 06:00,11/02/2023 07:00,1829
11/02/2023 07:00,11/02/2023 08:00,1965
11/02/2023 08:00,11/02/2023 09:00,2153
11/02/2023 09:00,11/02/2023 10:00,2380
11/02/2023 10:00,11/02/2023 11:00,2432
11/02/2023 11:00,11/02/2023 12:00,2319
11/02/2023 12:00,11/02/2023 13:00,2100
11/02/2023 13:00,11/02/2023 14:00,1755
11/02/2023 14:00,11/02/2023 15:00,1771
11/02/2023 15:00,11/02/2023 16:00,1862
11/02/2023 16:00,11/02/2023 17:00,1855
11/02/2023 17:00,11/02/2023 18:00,2218
11/02/2023 18:00,11/02/2023 19:00,2878
11/02/2023 19:00,11/02/2023 20:00,3412
11/02/2023 20:00,11/02/2023 21:00,3591
11/02/2023 21:00,11/02/2023 22:00,3506
11/02/2023 22:00,11/02/2023 23:00,3247
11/02/2023 23:00,12/02/2023 00:00,2929
12/02/2023 00:00,12/02/2023 01:00,2819
12/02/2023 01:00,12/02/2023 02:00,2546
12/02/2023 02:00,12/02/2023 03:00,2404
12/02/2023 03:00,12/02/2023 04:00,2343
12/02/2023 04:00,12/02/2023 05:00,2396
12/02/2023 05:00,12/02/2023 06:00,2443
12/02/2023 06:00,12/02/2023 07:00,2875
12/02/2023 07:00,12/02/2023 08:00,3522
12/02/2023 08:00,12/02/2023 09:00,3776
12/02/2023 09:00,12/02/2023 10:00,3912
12/02/2023 10:00,12/02/2023 11:00,3927
12/02/2023 11:00,12/02/2023 12:00,3976
12/02/2023 12:00,12/02/2023 13:00,4055
12/02/2023 13:00,12/02/2023 14:00,3978
12/02/2023 14:00,12/02/2023 15:00,4096
12/02/2023 15:00,12/02/2023 16:00,4339
12/02/2023 16:00,12/02/2023 17:00,4498
12/02/2023 17:00,12/02/2023 18:00,4597
12/02/2023 18:00,12/02/2023 19:00,4619
12/02/2023 19:00,12/02/2023 20:00,4639
12/02/2023 20:00,12/02/2023 21:00,4663
12/02/2023 21:00,12/02/2023 22:00,4657
12/02/2023 22:00,12/02/2023 23:00,4637
12/02/2023 23:00,13/02/2023 00:00,4658
13/02/2023 00:00,13/02/2023 01:00,4664
13/02/2023 01:00,13/02/2023 02:00,4667
13/02/2023 02:00,13/02/2023 03:00,4662
13/02/2023 03:00,13/02/2023 04:00,4650
13/02/2023 04:00,13/02/2023 05:00,4654
13/02/2023 05:00,13/02/2023 06:00,4664
13/02/2023 06:00,13/02/2023 07:00,4663
13/02/2023 07:00,13/02/2023 08:00,4656
13/02/2023 08:00,13/02/2023 09:00,4634
13/02/2023 09:00,13/02/2023 10:00,4636
13/02/2023 10:00,13/02/2023 11:00,4600
13/02/2023 11:00,13/02/2023 12:00,4516
13/02/2023 12:00,13/02/2023 13:00,4524
13/02/2023 13:00,13/02/2023 14:00,4490
13/02/2023 14:00,13/02/2023 15:00,4485
13/02/2023 15:00,13/02/2023 16:00,4518
13/02/2023 16:00,13/02/2023 17:00,4580
13/02/2023 17:00,13/02/2023 18:00,4579
13/02/2023 18:00,13/02/2023 19:00,4598
13/02/2023 19:00,13/02/2023 20:00,4616
13/02/2023 20:00,13/02/2023 21:00,4621
13/02/2023 21:00,13/02/2023 22:00,4561
13/02/2023 22:00,13/02/2023 23:00,4494
13/02/2023 23:00,14/02/2023 00:00,4398
14/02/2023 00:00,14/02/2023 01:00,4318
14/02/2023 01:00,14/02/2023 02:00,3932
14/02/2023 02:00,14/02/2023 03:00,3436
14/02/2023 03:00,14/02/2023 04:00,2681
14/02/2023 04:00,14/02/2023 05:00,1757
14/02/2023 05:00,14/02/2023 06:00,1009
14/02/2023 06:00,14/02/2023 07:00,517
14/02/2023 07:00,14/02/2023 08:00,344
14/02/2023 08:00,14/02/2023 09:00,641
14/02/2023 09:00,14/02/2023 10:00,1267
14/02/2023 10:00,14/02/2023 11:00,1800
14/02/2023 11:00,14/02/2023 12:00,2076
14/02/2023 12:00,14/02/2023 13:00,1839
14/02/2023 13:00,14/02/2023 14:00,1380
14/02/2023 14:00,14/02/2023 15:00,1119
14/02/2023 15:00,14/02/2023 16:00,979
14/02/2023 16:00,14/02/2023 17:00,1022
14/02/2023 17:00,14/02/2023 18:00,1090
14/02/2023 18:00,14/02/2023 19:00,1301
14/02/2023 19:00,14/02/2023 20:00,1536
14/02/2023 20:00,14/02/2023 21:00,1594
14/02/2023 21:00,14/02/2023 22:00,1483
14/02/2023 22:00,14/02/2023 23:00,1346
14/02/2023 23:00,15/02/2023 00:00,1167
15/02/2023 00:00,15/02/2023 01:00,1161
15/02/2023 01:00,15/02/2023 02:00,1048
15/02/2023 02:00,15/02/2023 03:00,901
15/02/2023 03:00,15/02/2023 04:00,890
15/02/2023 04:00,15/02/2023 05:00,844
15/02/2023 05:00,15/02/2023 06:00,852
15/02/2023 06:00,15/02/2023 07:00,847
15/02/2023 07:00,15/02/2023 08:00,1012
15/02/2023 08:00,15/02/2023 09:00,1192
15/02/2023 09:00,15/02/2023 10:00,1200
15/02/2023 10:00,15/02/2023 11:00,1082
15/02/2023 11:00,15/02/2023 12:00,913
15/02/2023 12:00,15/02/2023 13:00,767
15/02/2023 13:00,15/02/2023 14:00,744
15/02/2023 14:00,15/02/2023 15:00,752
15/02/2023 15:00,15/02/2023 16:00,780
15/02/2023 16:00,15/02/2023 17:00,883
15/02/2023 17:00,15/02/2023 18:00,1180
15/02/2023 18:00,15/02/2023 19:00,1553
15/02/2023 19:00,15/02/2023 20:00,1940
15/02/2023 20:00,15/02/2023 21:00,2356
15/02/2023 21:00,15/02/2023 22:00,2436
15/02/2023 22:00,15/02/2023 23:00,2375
15/02/2023 23:00,16/02/2023 00:00,2192
16/02/2023 00:00,16/02/2023 01:00,2062
16/02/2023 01:00,16/02/2023 02:00,2099
16/02/2023 02:00,16/02/2023 03:00,2284
16/02/2023 03:00,16/02/2023 04:00,2558
16/02/2023 04:00,16/02/2023 05:00,2707
16/02/2023 05:00,16/02/2023 06:00,2814
16/02/2023 06:00,16/02/2023 07:00,2893
16/02/2023 07:00,16/02/2023 08:00,3023
16/02/2023 08:00,16/02/2023 09:00,3210
16/02/2023 09:00,16/02/2023 10:00,3331
16/02/2023 10:00,16/02/2023 11:00,3326
16/02/2023 11:00,16/02/2023 12:00,3396
16/02/2023 12:00,16/02/2023 13:00,3375
16/02/2023 13:00,16/02/2023 14:00,3325
16/02/2023 14:00,16/02/2023 15:00,3401
16/02/2023 15:00,16/02/2023 16:00,3469
16/02/2023 16:00,16/02/2023 17:00,3488
16/02/2023 17:00,16/02/2023 18:00,3310
16/02/2023 18:00,16/02/2023 19:00,3043
16/02/2023 19:00,16/02/2023 20:00,3039
16/02/2023 20:00,16/02/2023 21:00,3057
16/02/2023 21:00,16/02/2023 22:00,3026
16/02/2023 22:00,16/02/2023 23:00,2862
16/02/2023 23:00,17/02/2023 00:00,2526
17/02/2023 00:00,17/02/2023 01:00,2149
17/02/2023 01:00,17/02/2023 02:00,1806
17/02/2023 02:00,17/02/2023 03:00,1629
17/02/2023 03:00,17/02/2023 04:00,1457
17/02/2023 04:00,17/02/2023 05:00,1513
17/02/2023 05:00,17/02/2023 06:00,1562
17/02/2023 06:00,17/02/2023 07:00,1741
17/02/2023 07:00,17/02/2023 08:00,1819
17/02/2023 08:00,17/02/2023 09:00,1828
17/02/2023 09:00,17/02/2023 10:00,1762
17/02/2023 10:00,17/02/2023 11:00,1800
17/02/2023 11:00,17/02/2023 12:00,1731
17/02/2023 12:00,17/02/2023 13:00,1654
17/02/2023 13:00,17/02/2023 14:00,1539
17/02/2023 14:00,17/02/2023 15:00,1479
17/02/2023 15:00,17/02/2023 16:00,1493
17/02/2023 16:00,17/02/2023 17:00,1628
17/02/2023 17:00,17/02/2023 18:00,1804
17/02/2023 18:00,17/02/2023 19:00,1838
17/02/2023 19:00,17/02/2023 20:00,1712
17/02/2023 20:00,17/02/2023 21:00,1828
17/02/2023 21:00,17/02/2023 22:00,2116
17/02/2023 22:00,17/02/2023 23:00,2108
17/02/2023 23:00,18/02/2023 00:00,2250
18/02/2023 00:00,18/02/2023 01:00,2393
18/02/2023 01:00,18/02/2023 02:00,2479
18/02/2023 02:00,18/02/2023 03:00,2627
18/02/2023 03:00,18/02/2023 04:00,2680
18/02/2023 04:00,18/02/2023 05:00,2662
18/02/2023 05:00,18/02/2023 06:00,2524
18/02/2023 06:00,18/02/2023 07:00,2451
18/02/2023 07:00,18/02/2023 08:00,2337
18/02/2023 08:00,18/02/2023 09:00,2279
18/02/2023 09:00,18/02/2023 10:00,2121
18/02/2023 10:00,18/02/2023 11:00,1847
18/02/2023 11:00,18/02/2023 12:00,1624
18/02/2023 12:00,18/02/2023 13:00,1403
18/02/2023 13:00,18/02/2023 14:00,1211
18/02/2023 14:00,18/02/2023 15:00,1050
18/02/2023 15:00,18/02/2023 16:00,1070
18/02/2023 16:00,18/02/2023 17:00,1048
18/02/2023 17:00,18/02/2023 18:00,1059
18/02/2023 18:00,18/02/2023 19:00,1109
18/02/2023 19:00,18/02/2023 20:00,1067
18/02/2023 20:00,18/02/2023 21:00,1006
18/02/2023 21:00,18/02/2023 22:00,926
18/02/2023 22:00,18/02/2023 23:00,883
18/02/2023 23:00,19/02/2023 00:00,888
19/02/2023 00:00,19/02/2023 01:00,934
19/02/2023 01:00,19/02/2023 02:00,983
19/02/2023 02:00,19/02/2023 03:00,1015
19/02/2023 03:00,19/02/2023 04:00,968
19/02/2023 04:00,19/02/2023 05:00,871
19/02/2023 05:00,19/02/2023 06:00,808
19/02/2023 06:00,19/02/2023 07:00,762
19/02/2023 07:00,19/02/2023 08:00,714
19/02/2023 08:00,19/02/2023 09:00,694
19/02/2023 09:00,19/02/2023 10:00,716
19/02/2023 10:00,19/02/2023 11:00,687
19/02/2023 11:00,19/02/2023 12:00,572
19/02/2023 12:00,19/02/2023 13:00,463
19/02/2023 13:00,19/02/2023 14:00,425
19/02/2023 14:00,19/02/2023 15:00,440
19/02/2023 15:00,19/02/2023 16:00,417
19/02/2023 16:00,19/02/2023 17:00,387
19/02/2023 17:00,19/02/2023 18:00,479
19/02/2023 18:00,19/02/2023 19:00,555
19/02/2023 19:00,19/02/2023 20:00,704
19/02/2023 20:00,19/02/2023 21:00,673
19/02/2023 21:00,19/02/2023 22:00,693
19/02/2023 22:00,19/02/2023 23:00,742
19/02/2023 23:00,20/02/2023 00:00,780
20/02/2023 00:00,20/02/2023 01:00,875
20/02/2023 01:00,20/02/2023 02:00,953
20/02/2023 02:00,20/02/2023 03:00,922
20/02/2023 03:00,20/02/2023 04:00,873
20/02/2023 04:00,20/02/2023 05:00,921
20/02/2023 05:00,20/02/2023 06:00,946
20/02/2023 06:00,20/02/2023 07:00,941
20/02/2023 07:00,20/02/2023 08:00,1127
20/02/2023 08:00,20/02/2023 09:00,1312
20/02/2023 09:00,20/02/2023 10:00,1448
20/02/2023 10:00,20/02/2023 11:00,1355
20/02/2023 11:00,20/02/2023 12:00,1211
20/02/2023 12:00,20/02/2023 13:00,1167
20/02/2023 13:00,20/02/2023 14:00,1215
20/02/2023 14:00,20/02/2023 15:00,1265
20/02/2023 15:00,20/02/2023 16:00,1461
20/02/2023 16:00,20/02/2023 17:00,1618
20/02/2023 17:00,20/02/2023 18:00,1663
20/02/2023 18:00,20/02/2023 19:00,1787
20/02/2023 19:00,20/02/2023 20:00,1880
20/02/2023 20:00,20/02/2023 21:00,1886
20/02/2023 21:00,20/02/2023 22:00,1821
20/02/2023 22:00,20/02/2023 23:00,1637
20/02/2023 23:00,21/02/2023 00:00,1425
21/02/2023 00:00,21/02/2023 01:00,1205
21/02/2023 01:00,21/02/2023 02:00,987
21/02/2023 02:00,21/02/2023 03:00,925
21/02/2023 03:00,21/02/2023 04:00,964
21/02/2023 04:00,21/02/2023 05:00,1038
21/02/2023 05:00,21/02/2023 06:00,1115
21/02/2023 06:00,21/02/2023 07:00,1062
21/02/2023 07:00,21/02/2023 08:00,1050
21/02/2023 08:00,21/02/2023 09:00,954
21/02/2023 09:00,21/02/2023 10:00,861
21/02/2023 10:00,21/02/2023 11:00,660
21/02/2023 11:00,21/02/2023 12:00,399
21/02/2023 12:00,21/02/2023 13:00,176
21/02/2023 13:00,21/02/2023 14:00,115
21/02/2023 14:00,21/02/2023 15:00,125
21/02/2023 15:00,21/02/2023 16:00,110
21/02/2023 16:00,21/02/2023 17:00,109
21/02/2023 17:00,21/02/2023 18:00,181
21/02/2023 18:00,21/02/2023 19:00,328
21/02/2023 19:00,21/02/2023 20:00,569
21/02/2023 20:00,21/02/2023 21:00,622
21/02/2023 21:00,21/02/2023 22:00,611
21/02/2023 22:00,21/02/2023 23:00,531
21/02/2023 23:00,22/02/2023 00:00,340
22/02/2023 00:00,22/02/2023 01:00,226
22/02/2023 01:00,22/02/2023 02:00,120
22/02/2023 02:00,22/02/2023 03:00,75
22/02/2023 03:00,22/02/2023 04:00,83
22/02/2023 04:00,22/02/2023 05:00,86
22/02/2023 05:00,22/02/2023 06:00,107
22/02/2023 06:00,22/02/2023 07:00,136
22/02/2023 07:00,22/02/2023 08:00,178
22/02/2023 08:00,22/02/2023 09:00,166
22/02/2023 09:00,22/02/2023 10:00,107
22/02/2023 10:00,22/02/2023 11:00,99
22/02/2023 11:00,22/02/2023 12:00,83
22/02/2023 12:00,22/02/2023 13:00,58
22/02/2023 13:00,22/02/2023 14:00,35
22/02/2023 14:00,22/02/2023 15:00,18
22/02/2023 15:00,22/02/2023 16:00,20
22/02/2023 16:00,22/02/2023 17:00,50
22/02/2023 17:00,22/02/2023 18:00,163
22/02/2023 18:00,22/02/2023 19:00,487
22/02/2023 19:00,22/02/2023 20:00,1054
22/02/2023 20:00,22/02/2023 21:00,1824
22/02/2023 21:00,22/02/2023 22:00,2370
22/02/2023 22:00,22/02/2023 23:00,2668
22/02/2023 23:00,23/02/2023 00:00,2882
23/02/2023 00:00,23/02/2023 01:00,3163
23/02/2023 01:00,23/02/2023 02:00,3303
23/02/2023 02:00,23/02/2023 03:00,3234
23/02/2023 03:00,23/02/2023 04:00,3389
23/02/2023 04:00,23/02/2023 05:00,3494
23/02/2023 05:00,23/02/2023 06:00,3573
23/02/2023 06:00,23/02/2023 07:00,3669
23/02/2023 07:00,23/02/2023 08:00,3780
23/02/2023 08:00,23/02/2023 09:00,4020
23/02/2023 09:00,23/02/2023 10:00,4036
23/02/2023 10:00,23/02/2023 11:00,3868
23/02/2023 11:00,23/02/2023 12:00,3585
23/02/2023 12:00,23/02/2023 13:00,3045
23/02/2023 13:00,23/02/2023 14:00,2446
23/02/2023 14:00,23/02/2023 15:00,2080
23/02/2023 15:00,23/02/2023 16:00,1758
23/02/2023 16:00,23/02/2023 17:00,1616
23/02/2023 17:00,23/02/2023 18:00,1769
23/02/2023 18:00,23/02/2023 19:00,2014
23/02/2023 19:00,23/02/2023 20:00,2253
23/02/2023 20:00,23/02/2023 21:00,2435
23/02/2023 21:00,23/02/2023 22:00,2495
23/02/2023 22:00,23/02/2023 23:00,2432
23/02/2023 23:00,24/02/2023 00:00,2365
24/02/2023 00:00,24/02/2023 01:00,2112
24/02/2023 01:00,24/02/2023 02:00,2047
24/02/2023 02:00,24/02/2023 03:00,2220
24/02/2023 03:00,24/02/2023 04:00,2249
24/02/2023 04:00,24/02/2023 05:00,2227
24/02/2023 05:00,24/02/2023 06:00,2066
24/02/2023 06:00,24/02/2023 07:00,1810
24/02/2023 07:00,24/02/2023 08:00,1561
24/02/2023 08:00,24/02/2023 09:00,1367
24/02/2023 09:00,24/02/2023 10:00,1430
24/02/2023 10:00,24/02/2023 11:00,1442
24/02/2023 11:00,24/02/2023 12:00,1089
24/02/2023 12:00,24/02/2023 13:00,732
24/02/2023 13:00,24/02/2023 14:00,576
24/02/2023 14:00,24/02/2023 15:00,525
24/02/2023 15:00,24/02/2023 16:00,508
24/02/2023 16:00,24/02/2023 17:00,474
24/02/2023 17:00,24/02/2023 18:00,394
24/02/2023 18:00,24/02/2023 19:00,449
24/02/2023 19:00,24/02/2023 20:00,503
24/02/2023 20:00,24/02/2023 21:00,600
24/02/2023 21:00,24/02/2023 22:00,765
24/02/2023 22:00,24/02/2023 23:00,917
24/02/2023 23:00,25/02/2023 00:00,1024
25/02/2023 00:00,25/02/2023 01:00,1141
25/02/2023 01:00,25/02/2023 02:00,1287
25/02/2023 02:00,25/02/2023 03:00,1351
25/02/2023 03:00,25/02/2023 04:00,1560
25/02/2023 04:00,25/02/2023 05:00,1588
25/02/2023 05:00,25/02/2023 06:00,1741
25/02/2023 06:00,25/02/2023 07:00,1730
25/02/2023 07:00,25/02/2023 08:00,1743
25/02/2023 08:00,25/02/2023 09:00,1654
25/02/2023 09:00,25/02/2023 10:00,1438
25/02/2023 10:00,25/02/2023 11:00,1190
25/02/2023 11:00,25/02/2023 12:00,886
25/02/2023 12:00,25/02/2023 13:00,645
25/02/2023 13:00,25/02/2023 14:00,510
25/02/2023 14:00,25/02/2023 15:00,504
25/02/2023 15:00,25/02/2023 16:00,477
25/02/2023 16:00,25/02/2023 17:00,489
25/02/2023 17:00,25/02/2023 18:00,488
25/02/2023 18:00,25/02/2023 19:00,634
25/02/2023 19:00,25/02/2023 20:00,884
25/02/2023 20:00,25/02/2023 21:00,1026
25/02/2023 21:00,25/02/2023 22:00,1018
25/02/2023 22:00,25/02/2023 23:00,956
25/02/2023 23:00,26/02/2023 00:00,860
26/02/2023 00:00,26/02/2023 01:00,742
26/02/2023 01:00,26/02/2023 02:00,711
26/02/2023 02:00,26/02/2023 03:00,707
26/02/2023 03:00,26/02/2023 04:00,728
26/02/2023 04:00,26/02/2023 05:00,755
26/02/2023 05:00,26/02/2023 06:00,661
26/02/2023 06:00,26/02/2023 07:00,653
26/02/2023 07:00,26/02/2023 08:00,797
26/02/2023 08:00,26/02/2023 09:00,1019
26/02/2023 09:00,26/02/2023 10:00,1081
26/02/2023 10:00,26/02/2023 11:00,903
26/02/2023 11:00,26/02/2023 12:00,628
26/02/2023 12:00,26/02/2023 13:00,383
26/02/2023 13:00,26/02/2023 14:00,300
26/02/2023 14:00,26/02/2023 15:00,267
26/02/2023 15:00,26/02/2023 16:00,286
26/02/2023 16:00,26/02/2023 17:00,266
26/02/2023 17:00,26/02/2023 18:00,231
26/02/2023 18:00,26/02/2023 19:00,270
26/02/2023 19:00,26/02/2023 20:00,392
26/02/2023 20:00,26/02/2023 21:00,468
26/02/2023 21:00,26/02/2023 22:00,671
26/02/2023 22:00,26/02/2023 23:00,842
26/02/2023 23:00,27/02/2023 00:00,1136
27/02/2023 00:00,27/02/2023 01:00,1446
27/02/2023 01:00,27/02/2023 02:00,1731
27/02/2023 02:00,27/02/2023 03:00,2056
27/02/2023 03:00,27/02/2023 04:00,2248
27/02/2023 04:00,27/02/2023 05:00,2184
27/02/2023 05:00,27/02/2023 06:00,1992
27/02/2023 06:00,27/02/2023 07:00,1538
27/02/2023 07:00,27/02/2023 08:00,946
27/02/2023 08:00,27/02/2023 09:00,828
27/02/2023 09:00,27/02/2023 10:00,1094
27/02/2023 10:00,27/02/2023 11:00,1828
27/02/2023 11:00,27/02/2023 12:00,2179
27/02/2023 12:00,27/02/2023 13:00,2334
27/02/2023 13:00,27/02/2023 14:00,2531
27/02/2023 14:00,27/02/2023 15:00,2806
27/02/2023 15:00,27/02/2023 16:00,3057
27/02/2023 16:00,27/02/2023 17:00,3531
27/02/2023 17:00,27/02/2023 18:00,3984
27/02/2023 18:00,27/02/2023 19:00,4333
27/02/2023 19:00,27/02/2023 20:00,4524
27/02/2023 20:00,27/02/2023 21:00,4590
27/02/2023 21:00,27/02/2023 22:00,4618
27/02/2023 22:00,27/02/2023 23:00,4576
27/02/2023 23:00,28/02/2023 00:00,4532
28/02/2023 00:00,28/02/2023 01:00,4575
28/02/2023 01:00,28/02/2023 02:00,4525
28/02/2023 02:00,28/02/2023 03:00,4305
28/02/2023 03:00,28/02/2023 04:00,3998
28/02/2023 04:00,28/02/2023 05:00,3807
28/02/2023 05:00,28/02/2023 06:00,3771
28/02/2023 06:00,28/02/2023 07:00,3922
28/02/2023 07:00,28/02/2023 08:00,3690
28/02/2023 08:00,28/02/2023 09:00,3786
28/02/2023 09:00,28/02/2023 10:00,3704
28/02/2023 10:00,28/02/2023 11:00,3407
28/02/2023 11:00,28/02/2023 12:00,3201
28/02/2023 12:00,28/02/2023 13:00,3105
28/02/2023 13:00,28/02/2023 14:00,2940
28/02/2023 14:00,28/02/2023 15:00,2979
28/02/2023 15:00,28/02/2023 16:00,2956
28/02/2023 16:00,28/02/2023 17:00,2997
28/02/2023 17:00,28/02/2023 18:00,3036
28/02/2023 18:00,28/02/2023 19:00,3280
28/02/2023 19:00,28/02/2023 20:00,3504
28/02/2023 20:00,28/02/2023 21:00,3734
28/02/2023 21:00,28/02/2023 22:00,3732
28/02/2023 22:00,28/02/2023 23:00,3672
28/02/2023 23:00,01/03/2023 00:00,3712
01/03/2023 00:00,01/03/2023 01:00,3807
01/03/2023 01:00,01/03/2023 02:00,3826
01/03/2023 02:00,01/03/2023 03:00,3505
01/03/2023 03:00,01/03/2023 04:00,3368
01/03/2023 04:00,01/03/2023 05:00,2998
01/03/2023 05:00,01/03/2023 06:00,2840
01/03/2023 06:00,01/03/2023 07:00,2463
01/03/2023 07:00,01/03/2023 08:00,2271
01/03/2023 08:00,01/03/2023 09:00,2228
01/03/2023 09:00,01/03/2023 10:00,2113
01/03/2023 10:00,01/03/2023 11:00,1858
01/03/2023 11:00,01/03/2023 12:00,1555
01/03/2023 12:00,01/03/2023 13:00,1310
01/03/2023 13:00,01/03/2023 14:00,1313
01/03/2023 14:00,01/03/2023 15:00,1318
01/03/2023 15:00,01/03/2023 16:00,1194
01/03/2023 16:00,01/03/2023 17:00,745
01/03/2023 17:00,01/03/2023 18:00,612
01/03/2023 18:00,01/03/2023 19:00,593
01/03/2023 19:00,01/03/2023 20:00,864
01/03/2023 20:00,01/03/2023 21:00,1346
01/03/2023 21:00,01/03/2023 22:00,2170
01/03/2023 22:00,01/03/2023 23:00,2935
01/03/2023 23:00,02/03/2023 00:00,3603
02/03/2023 00:00,02/03/2023 01:00,4186
02/03/2023 01:00,02/03/2023 02:00,4396
02/03/2023 02:00,02/03/2023 03:00,4446
02/03/2023 03:00,02/03/2023 04:00,4435
02/03/2023 04:00,02/03/2023 05:00,4537
02/03/2023 05:00,02/03/2023 06:00,4521
02/03/2023 06:00,02/03/2023 07:00,4451
02/03/2023 07:00,02/03/2023 08:00,4442
02/03/2023 08:00,02/03/2023 09:00,4440
02/03/2023 09:00,02/03/2023 10:00,4334
02/03/2023 10:00,02/03/2023 11:00,4064
02/03/2023 11:00,02/03/2023 12:00,3807
02/03/2023 12:00,02/03/2023 13:00,3666
02/03/2023 13:00,02/03/2023 14:00,3577
02/03/2023 14:00,02/03/2023 15:00,3441
02/03/2023 15:00,02/03/2023 16:00,3244
02/03/2023 16:00,02/03/2023 17:00,2940
02/03/2023 17:00,02/03/2023 18:00,2992
02/03/2023 18:00,02/03/2023 19:00,3237
02/03/2023 19:00,02/03/2023 20:00,3584
02/03/2023 20:00,02/03/2023 21:00,3612
02/03/2023 21:00,02/03/2023 22:00,3791
02/03/2023 22:00,02/03/2023 23:00,3779
02/03/2023 23:00,03/03/2023 00:00,3731
03/03/2023 00:00,03/03/2023 01:00,3803
03/03/2023 01:00,03/03/2023 02:00,3689
03/03/2023 02:00,03/03/2023 03:00,3459
03/03/2023 03:00,03/03/2023 04:00,3387
03/03/2023 04:00,03/03/2023 05:00,3473
03/03/2023 05:00,03/03/2023 06:00,3387
03/03/2023 06:00,03/03/2023 07:00,3284
03/03/2023 07:00,03/03/2023 08:00,3280
03/03/2023 08:00,03/03/2023 09:00,3055
03/03/2023 09:00,03/03/2023 10:00,2792
03/03/2023 10:00,03/03/2023 11:00,1882
03/03/2023 11:00,03/03/2023 12:00,990
03/03/2023 12:00,03/03/2023 13:00,701
03/03/2023 13:00,03/03/2023 14:00,735
03/03/2023 14:00,03/03/2023 15:00,1171
03/03/2023 15:00,03/03/2023 16:00,1265
03/03/2023 16:00,03/03/2023 17:00,1263
03/03/2023 17:00,03/03/2023 18:00,1156
03/03/2023 18:00,03/03/2023 19:00,1027
03/03/2023 19:00,03/03/2023 20:00,878
03/03/2023 20:00,03/03/2023 21:00,1056
03/03/2023 21:00,03/03/2023 22:00,1522
03/03/2023 22:00,03/03/2023 23:00,1628
03/03/2023 23:00,04/03/2023 00:00,1647
04/03/2023 00:00,04/03/2023 01:00,1538
04/03/2023 01:00,04/03/2023 02:00,1400
04/03/2023 02:00,04/03/2023 03:00,1343
04/03/2023 03:00,04/03/2023 04:00,1400
04/03/2023 04:00,04/03/2023 05:00,1618
04/03/2023 05:00,04/03/2023 06:00,1722
04/03/2023 06:00,04/03/2023 07:00,1773
04/03/2023 07:00,04/03/2023 08:00,1904
04/03/2023 08:00,04/03/2023 09:00,2063
04/03/2023 09:00,04/03/2023 10:00,2053
04/03/2023 10:00,04/03/2023 11:00,1770
04/03/2023 11:00,04/03/2023 12:00,1342
04/03/2023 12:00,04/03/2023 13:00,1063
04/03/2023 13:00,04/03/2023 14:00,1063
04/03/2023 14:00,04/03/2023 15:00,991
04/03/2023 15:00,04/03/2023 16:00,772
04/03/2023 16:00,04/03/2023 17:00,618
04/03/2023 17:00,04/03/2023 18:00,558
04/03/2023 18:00,04/03/2023 19:00,506
04/03/2023 19:00,04/03/2023 20:00,592
04/03/2023 20:00,04/03/2023 21:00,597
04/03/2023 21:00,04/03/2023 22:00,588
04/03/2023 22:00,04/03/2023 23:00,523
04/03/2023 23:00,05/03/2023 00:00,467
05/03/2023 00:00,05/03/2023 01:00,428
05/03/2023 01:00,05/03/2023 02:00,441
05/03/2023 02:00,05/03/2023 03:00,500
05/03/2023 03:00,05/03/2023 04:00,461
05/03/2023 04:00,05/03/2023 05:00,475
05/03/2023 05:00,05/03/2023 06:00,459
05/03/2023 06:00,05/03/2023 07:00,497
05/03/2023 07:00,05/03/2023 08:00,555
05/03/2023 08:00,05/03/2023 09:00,662
05/03/2023 09:00,05/03/2023 10:00,652
05/03/2023 10:00,05/03/2023 11:00,576
05/03/2023 11:00,05/03/2023 12:00,381
05/03/2023 12:00,05/03/2023 13:00,312
05/03/2023 13:00,05/03/2023 14:00,260
05/03/2023 14:00,05/03/2023 15:00,210
05/03/2023 15:00,05/03/2023 16:00,209
05/03/2023 16:00,05/03/2023 17:00,239
05/03/2023 17:00,05/03/2023 18:00,303
05/03/2023 18:00,05/03/2023 19:00,321
05/03/2023 19:00,05/03/2023 20:00,494
05/03/2023 20:00,05/03/2023 21:00,635
05/03/2023 21:00,05/03/2023 22:00,700
05/03/2023 22:00,05/03/2023 23:00,707
05/03/2023 23:00,06/03/2023 00:00,603
06/03/2023 00:00,06/03/2023 01:00,431
06/03/2023 01:00,06/03/2023 02:00,335
06/03/2023 02:00,06/03/2023 03:00,274
06/03/2023 03:00,06/03/2023 04:00,256
06/03/2023 04:00,06/03/2023 05:00,274
06/03/2023 05:00,06/03/2023 06:00,311
06/03/2023 06:00,06/03/2023 07:00,327
06/03/2023 07:00,06/03/2023 08:00,370
06/03/2023 08:00,06/03/2023 09:00,428
06/03/2023 09:00,06/03/2023 10:00,455
06/03/2023 10:00,06/03/2023 11:00,343
06/03/2023 11:00,06/03/2023 12:00,134
06/03/2023 12:00,06/03/2023 13:00,48
06/03/2023 13:00,06/03/2023 14:00,36
06/03/2023 14:00,06/03/2023 15:00,63
06/03/2023 15:00,06/03/2023 16:00,104
06/03/2023 16:00,06/03/2023 17:00,154
06/03/2023 17:00,06/03/2023 18:00,208
06/03/2023 18:00,06/03/2023 19:00,240
06/03/2023 19:00,06/03/2023 20:00,248
06/03/2023 20:00,06/03/2023 21:00,244
06/03/2023 21:00,06/03/2023 22:00,209
06/03/2023 22:00,06/03/2023 23:00,140
06/03/2023 23:00,07/03/2023 00:00,100
07/03/2023 00:00,07/03/2023 01:00,55
07/03/2023 01:00,07/03/2023 02:00,49
07/03/2023 02:00,07/03/2023 03:00,83
07/03/2023 03:00,07/03/2023 04:00,139
07/03/2023 04:00,07/03/2023 05:00,236
07/03/2023 05:00,07/03/2023 06:00,307
07/03/2023 06:00,07/03/2023 07:00,410
07/03/2023 07:00,07/03/2023 08:00,522
07/03/2023 08:00,07/03/2023 09:00,671
07/03/2023 09:00,07/03/2023 10:00,853
07/03/2023 10:00,07/03/2023 11:00,751
07/03/2023 11:00,07/03/2023 12:00,501
07/03/2023 12:00,07/03/2023 13:00,312
07/03/2023 13:00,07/03/2023 14:00,311
07/03/2023 14:00,07/03/2023 15:00,319
07/03/2023 15:00,07/03/2023 16:00,457
07/03/2023 16:00,07/03/2023 17:00,517
07/03/2023 17:00,07/03/2023 18:00,494
07/03/2023 18:00,07/03/2023 19:00,578
07/03/2023 19:00,07/03/2023 20:00,1002
07/03/2023 20:00,07/03/2023 21:00,1496
07/03/2023 21:00,07/03/2023 22:00,1905
07/03/2023 22:00,07/03/2023 23:00,1973
07/03/2023 23:00,08/03/2023 00:00,1917
08/03/2023 00:00,08/03/2023 01:00,1901
08/03/2023 01:00,08/03/2023 02:00,1788
08/03/2023 02:00,08/03/2023 03:00,1828
08/03/2023 03:00,08/03/2023 04:00,1874
08/03/2023 04:00,08/03/2023 05:00,1916
08/03/2023 05:00,08/03/2023 06:00,2053
08/03/2023 06:00,08/03/2023 07:00,2242
08/03/2023 07:00,08/03/2023 08:00,2492
08/03/2023 08:00,08/03/2023 09:00,2557
08/03/2023 09:00,08/03/2023 10:00,2516
08/03/2023 10:00,08/03/2023 11:00,2227
08/03/2023 11:00,08/03/2023 12:00,1660
08/03/2023 12:00,08/03/2023 13:00,1367
08/03/2023 13:00,08/03/2023 14:00,1342
08/03/2023 14:00,08/03/2023 15:00,1424
08/03/2023 15:00,08/03/2023 16:00,1536
08/03/2023 16:00,08/03/2023 17:00,1617
08/03/2023 17:00,08/03/2023 18:00,1665
08/03/2023 18:00,08/03/2023 19:00,1981
08/03/2023 19:00,08/03/2023 20:00,2420
08/03/2023 20:00,08/03/2023 21:00,2700
08/03/2023 21:00,08/03/2023 22:00,2676
08/03/2023 22:00,08/03/2023 23:00,2604
08/03/2023 23:00,09/03/2023 00:00,2551
09/03/2023 00:00,09/03/2023 01:00,2288
09/03/2023 01:00,09/03/2023 02:00,1941
09/03/2023 02:00,09/03/2023 03:00,1614
09/03/2023 03:00,09/03/2023 04:00,1282
09/03/2023 04:00,09/03/2023 05:00,1064
09/03/2023 05:00,09/03/2023 06:00,921
09/03/2023 06:00,09/03/2023 07:00,951
09/03/2023 07:00,09/03/2023 08:00,1048
09/03/2023 08:00,09/03/2023 09:00,1355
09/03/2023 09:00,09/03/2023 10:00,1762
09/03/2023 10:00,09/03/2023 11:00,1878
09/03/2023 11:00,09/03/2023 12:00,1464
09/03/2023 12:00,09/03/2023 13:00,1191
09/03/2023 13:00,09/03/2023 14:00,1326
09/03/2023 14:00,09/03/2023 15:00,1621
09/03/2023 15:00,09/03/2023 16:00,2015
09/03/2023 16:00,09/03/2023 17:00,2284
09/03/2023 17:00,09/03/2023 18:00,2489
09/03/2023 18:00,09/03/2023 19:00,2672
09/03/2023 19:00,09/03/2023 20:00,3058
09/03/2023 20:00,09/03/2023 21:00,3420
09/03/2023 21:00,09/03/2023 22:00,3719
09/03/2023 22:00,09/03/2023 23:00,3889
09/03/2023 23:00,10/03/2023 00:00,4113
10/03/2023 00:00,10/03/2023 01:00,4063
10/03/2023 01:00,10/03/2023 02:00,3993
10/03/2023 02:00,10/03/2023 03:00,3879
10/03/2023 03:00,10/03/2023 04:00,3673
10/03/2023 04:00,10/03/2023 05:00,3490
10/03/2023 05:00,10/03/2023 06:00,3347
10/03/2023 06:00,10/03/2023 07:00,3396
10/03/2023 07:00,10/03/2023 08:00,3406
10/03/2023 08:00,10/03/2023 09:00,3383
10/03/2023 09:00,10/03/2023 10:00,3021
10/03/2023 10:00,10/03/2023 11:00,2499
10/03/2023 11:00,10/03/2023 12:00,2087
10/03/2023 12:00,10/03/2023 13:00,2121
10/03/2023 13:00,10/03/2023 14:00,2222
10/03/2023 14:00,10/03/2023 15:00,2256
10/03/2023 15:00,10/03/2023 16:00,2354
10/03/2023 16:00,10/03/2023 17:00,2378
10/03/2023 17:00,10/03/2023 18:00,2223
10/03/2023 18:00,10/03/2023 19:00,2277
10/03/2023 19:00,10/03/2023 20:00,2587
10/03/2023 20:00,10/03/2023 21:00,2842
10/03/2023 21:00,10/03/2023 22:00,3166
10/03/2023 22:00,10/03/2023 23:00,3253
10/03/2023 23:00,11/03/2023 00:00,2929
11/03/2023 00:00,11/03/2023 01:00,2668
11/03/2023 01:00,11/03/2023 02:00,2401
11/03/2023 02:00,11/03/2023 03:00,2520
11/03/2023 03:00,11/03/2023 04:00,2549
11/03/2023 04:00,11/03/2023 05:00,2594
11/03/2023 05:00,11/03/2023 06:00,2719
11/03/2023 06:00,11/03/2023 07:00,2958
11/03/2023 07:00,11/03/2023 08:00,3188
11/03/2023 08:00,11/03/2023 09:00,3132
11/03/2023 09:00,11/03/2023 10:00,2664
11/03/2023 10:00,11/03/2023 11:00,2035
11/03/2023 11:00,11/03/2023 12:00,1512
11/03/2023 12:00,11/03/2023 13:00,1225
11/03/2023 13:00,11/03/2023 14:00,1022
11/03/2023 14:00,11/03/2023 15:00,917
11/03/2023 15:00,11/03/2023 16:00,797
11/03/2023 16:00,11/03/2023 17:00,762
11/03/2023 17:00,11/03/2023 18:00,695
11/03/2023 18:00,11/03/2023 19:00,737
11/03/2023 19:00,11/03/2023 20:00,871
11/03/2023 20:00,11/03/2023 21:00,1037
11/03/2023 21:00,11/03/2023 22:00,1060
11/03/2023 22:00,11/03/2023 23:00,850
11/03/2023 23:00,12/03/2023 00:00,594
12/03/2023 00:00,12/03/2023 01:00,359
12/03/2023 01:00,12/03/2023 02:00,207
12/03/2023 02:00,12/03/2023 03:00,276
12/03/2023 03:00,12/03/2023 04:00,417
12/03/2023 04:00,12/03/2023 05:00,629
12/03/2023 05:00,12/03/2023 06:00,884
12/03/2023 06:00,12/03/2023 07:00,1106
12/03/2023 07:00,12/03/2023 08:00,1341
12/03/2023 08:00,12/03/2023 09:00,1494
12/03/2023 09:00,12/03/2023 10:00,1436
12/03/2023 10:00,12/03/2023 11:00,1052
12/03/2023 11:00,12/03/2023 12:00,609
12/03/2023 12:00,12/03/2023 13:00,444
12/03/2023 13:00,12/03/2023 14:00,615
12/03/2023 14:00,12/03/2023 15:00,994
12/03/2023 15:00,12/03/2023 16:00,1219
12/03/2023 16:00,12/03/2023 17:00,1272
12/03/2023 17:00,12/03/2023 18:00,1208
12/03/2023 18:00,12/03/2023 19:00,1054
12/03/2023 19:00,12/03/2023 20:00,1163
12/03/2023 20:00,12/03/2023 21:00,1448
12/03/2023 21:00,12/03/2023 22:00,1680
12/03/2023 22:00,12/03/2023 23:00,1795
12/03/2023 23:00,13/03/2023 00:00,1870
13/03/2023 00:00,13/03/2023 01:00,1806
13/03/2023 01:00,13/03/2023 02:00,1905
13/03/2023 02:00,13/03/2023 03:00,2076
13/03/2023 03:00,13/03/2023 04:00,2058
13/03/2023 04:00,13/03/2023 05:00,1979
13/03/2023 05:00,13/03/2023 06:00,1724
13/03/2023 06:00,13/03/2023 07:00,1414
13/03/2023 07:00,13/03/2023 08:00,1557
13/03/2023 08:00,13/03/2023 09:00,1657
13/03/2023 09:00,13/03/2023 10:00,1864
13/03/2023 10:00,13/03/2023 11:00,2082
13/03/2023 11:00,13/03/2023 12:00,1661
13/03/2023 12:00,13/03/2023 13:00,1528
13/03/2023 13:00,13/03/2023 14:00,1668
13/03/2023 14:00,13/03/2023 15:00,1901
13/03/2023 15:00,13/03/2023 16:00,2123
13/03/2023 16:00,13/03/2023 17:00,2433
13/03/2023 17:00,13/03/2023 18:00,2867
13/03/2023 18:00,13/03/2023 19:00,3351
13/03/2023 19:00,13/03/2023 20:00,3894
13/03/2023 20:00,13/03/2023 21:00,4337
13/03/2023 21:00,13/03/2023 22:00,4395
13/03/2023 22:00,13/03/2023 23:00,4392
13/03/2023 23:00,14/03/2023 00:00,4436
14/03/2023 00:00,14/03/2023 01:00,4345
14/03/2023 01:00,14/03/2023 02:00,4182
14/03/2023 02:00,14/03/2023 03:00,4230
14/03/2023 03:00,14/03/2023 04:00,4006
14/03/2023 04:00,14/03/2023 05:00,3779
14/03/2023 05:00,14/03/2023 06:00,3562
14/03/2023 06:00,14/03/2023 07:00,3369
14/03/2023 07:00,14/03/2023 08:00,2874
14/03/2023 08:00,14/03/2023 09:00,2523
14/03/2023 09:00,14/03/2023 10:00,2057
14/03/2023 10:00,14/03/2023 11:00,1578
14/03/2023 11:00,14/03/2023 12:00,1309
14/03/2023 12:00,14/03/2023 13:00,1185
14/03/2023 13:00,14/03/2023 14:00,1122
14/03/2023 14:00,14/03/2023 15:00,1072
14/03/2023 15:00,14/03/2023 16:00,1080
14/03/2023 16:00,14/03/2023 17:00,926
14/03/2023 17:00,14/03/2023 18:00,875
14/03/2023 18:00,14/03/2023 19:00,754
14/03/2023 19:00,14/03/2023 20:00,847
14/03/2023 20:00,14/03/2023 21:00,791
14/03/2023 21:00,14/03/2023 22:00,578
14/03/2023 22:00,14/03/2023 23:00,358
14/03/2023 23:00,15/03/2023 00:00,276
15/03/2023 00:00,15/03/2023 01:00,296
15/03/2023 01:00,15/03/2023 02:00,342
15/03/2023 02:00,15/03/2023 03:00,460
15/03/2023 03:00,15/03/2023 04:00,607
15/03/2023 04:00,15/03/2023 05:00,575
15/03/2023 05:00,15/03/2023 06:00,586
15/03/2023 06:00,15/03/2023 07:00,597
15/03/2023 07:00,15/03/2023 08:00,587
15/03/2023 08:00,15/03/2023 09:00,582
15/03/2023 09:00,15/03/2023 10:00,783
15/03/2023 10:00,15/03/2023 11:00,759
15/03/2023 11:00,15/03/2023 12:00,801
15/03/2023 12:00,15/03/2023 13:00,1027
15/03/2023 13:00,15/03/2023 14:00,1207
15/03/2023 14:00,15/03/2023 15:00,1294
15/03/2023 15:00,15/03/2023 16:00,1298
15/03/2023 16:00,15/03/2023 17:00,1512
15/03/2023 17:00,15/03/2023 18:00,1541
15/03/2023 18:00,15/03/2023 19:00,1610
15/03/2023 19:00,15/03/2023 20:00,1887
15/03/2023 20:00,15/03/2023 21:00,2074
15/03/2023 21:00,15/03/2023 22:00,2222
15/03/2023 22:00,15/03/2023 23:00,2240
15/03/2023 23:00,16/03/2023 00:00,2068
16/03/2023 00:00,16/03/2023 01:00,2052
16/03/2023 01:00,16/03/2023 02:00,2095
16/03/2023 02:00,16/03/2023 03:00,2263
16/03/2023 03:00,16/03/2023 04:00,2393
16/03/2023 04:00,16/03/2023 05:00,2372
16/03/2023 05:00,16/03/2023 06:00,2464
16/03/2023 06:00,16/03/2023 07:00,2545
16/03/2023 07:00,16/03/2023 08:00,2614
16/03/2023 08:00,16/03/2023 09:00,2390
16/03/2023 09:00,16/03/2023 10:00,1915
16/03/2023 10:00,16/03/2023 11:00,1192
16/03/2023 11:00,16/03/2023 12:00,658
16/03/2023 12:00,16/03/2023 13:00,490
16/03/2023 13:00,16/03/2023 14:00,453
16/03/2023 14:00,16/03/2023 15:00,425
16/03/2023 15:00,16/03/2023 16:00,400
16/03/2023 16:00,16/03/2023 17:00,372
16/03/2023 17:00,16/03/2023 18:00,356
16/03/2023 18:00,16/03/2023 19:00,297
16/03/2023 19:00,16/03/2023 20:00,313
16/03/2023 20:00,16/03/2023 21:00,367
16/03/2023 21:00,16/03/2023 22:00,319
16/03/2023 22:00,16/03/2023 23:00,250
16/03/2023 23:00,17/03/2023 00:00,170
17/03/2023 00:00,17/03/2023 01:00,125
17/03/2023 01:00,17/03/2023 02:00,106
17/03/2023 02:00,17/03/2023 03:00,106
17/03/2023 03:00,17/03/2023 04:00,117
17/03/2023 04:00,17/03/2023 05:00,181
17/03/2023 05:00,17/03/2023 06:00,227
17/03/2023 06:00,17/03/2023 07:00,302
17/03/2023 07:00,17/03/2023 08:00,391
17/03/2023 08:00,17/03/2023 09:00,523
17/03/2023 09:00,17/03/2023 10:00,649
17/03/2023 10:00,17/03/2023 11:00,702
17/03/2023 11:00,17/03/2023 12:00,696
17/03/2023 12:00,17/03/2023 13:00,660
17/03/2023 13:00,17/03/2023 14:00,609
17/03/2023 14:00,17/03/2023 15:00,706
17/03/2023 15:00,17/03/2023 16:00,865
17/03/2023 16:00,17/03/2023 17:00,1064
17/03/2023 17:00,17/03/2023 18:00,1450
17/03/2023 18:00,17/03/2023 19:00,2109
17/03/2023 19:00,17/03/2023 20:00,2886
17/03/2023 20:00,17/03/2023 21:00,3655
17/03/2023 21:00,17/03/2023 22:00,3927
17/03/2023 22:00,17/03/2023 23:00,4187
17/03/2023 23:00,18/03/2023 00:00,4224
18/03/2023 00:00,18/03/2023 01:00,4319
18/03/2023 01:00,18/03/2023 02:00,4368
18/03/2023 02:00,18/03/2023 03:00,4398
18/03/2023 03:00,18/03/2023 04:00,4477
18/03/2023 04:00,18/03/2023 05:00,4530
18/03/2023 05:00,18/03/2023 06:00,4552
18/03/2023 06:00,18/03/2023 07:00,4525
18/03/2023 07:00,18/03/2023 08:00,4417
18/03/2023 08:00,18/03/2023 09:00,4293
18/03/2023 09:00,18/03/2023 10:00,4500
18/03/2023 10:00,18/03/2023 11:00,4572
18/03/2023 11:00,18/03/2023 12:00,4578
18/03/2023 12:00,18/03/2023 13:00,4553
18/03/2023 13:00,18/03/2023 14:00,4572
18/03/2023 14:00,18/03/2023 15:00,4564
18/03/2023 15:00,18/03/2023 16:00,4429
18/03/2023 16:00,18/03/2023 17:00,4308
18/03/2023 17:00,18/03/2023 18:00,4214
18/03/2023 18:00,18/03/2023 19:00,4050
18/03/2023 19:00,18/03/2023 20:00,3755
18/03/2023 20:00,18/03/2023 21:00,3346
18/03/2023 21:00,18/03/2023 22:00,3047
18/03/2023 22:00,18/03/2023 23:00,2871
18/03/2023 23:00,19/03/2023 00:00,2558
19/03/2023 00:00,19/03/2023 01:00,2355
19/03/2023 01:00,19/03/2023 02:00,2145
19/03/2023 02:00,19/03/2023 03:00,1659
19/03/2023 03:00,19/03/2023 04:00,1230
19/03/2023 04:00,19/03/2023 05:00,1021
19/03/2023 05:00,19/03/2023 06:00,861
19/03/2023 06:00,19/03/2023 07:00,711
19/03/2023 07:00,19/03/2023 08:00,701
19/03/2023 08:00,19/03/2023 09:00,552
19/03/2023 09:00,19/03/2023 10:00,310
19/03/2023 10:00,19/03/2023 11:00,143
19/03/2023 11:00,19/03/2023 12:00,51
19/03/2023 12:00,19/03/2023 13:00,18
19/03/2023 13:00,19/03/2023 14:00,3
19/03/2023 14:00,19/03/2023 15:00,-3
19/03/2023 15:00,19/03/2023 16:00,-3
19/03/2023 16:00,19/03/2023 17:00,13
19/03/2023 17:00,19/03/2023 18:00,47
19/03/2023 18:00,19/03/2023 19:00,144
19/03/2023 19:00,19/03/2023 20:00,484
19/03/2023 20:00,19/03/2023 21:00,1345
19/03/2023 21:00,19/03/2023 22:00,2348
19/03/2023 22:00,19/03/2023 23:00,2818
19/03/2023 23:00,20/03/2023 00:00,3077
20/03/2023 00:00,20/03/2023 01:00,3260
20/03/2023 01:00,20/03/2023 02:00,3369
20/03/2023 02:00,20/03/2023 03:00,3577
20/03/2023 03:00,20/03/2023 04:00,3845
20/03/2023 04:00,20/03/2023 05:00,3831
20/03/2023 05:00,20/03/2023 06:00,3478
20/03/2023 06:00,20/03/2023 07:00,2997
20/03/2023 07:00,20/03/2023 08:00,2634
20/03/2023 08:00,20/03/2023 09:00,2439
20/03/2023 09:00,20/03/2023 10:00,2072
20/03/2023 10:00,20/03/2023 11:00,1664
20/03/2023 11:00,20/03/2023 12:00,1357
20/03/2023 12:00,20/03/2023 13:00,1092
20/03/2023 13:00,20/03/2023 14:00,934
20/03/2023 14:00,20/03/2023 15:00,851
20/03/2023 15:00,20/03/2023 16:00,853
20/03/2023 16:00,20/03/2023 17:00,809
20/03/2023 17:00,20/03/2023 18:00,757
20/03/2023 18:00,20/03/2023 19:00,729
20/03/2023 19:00,20/03/2023 20:00,804
20/03/2023 20:00,20/03/2023 21:00,950
20/03/2023 21:00,20/03/2023 22:00,938
20/03/2023 22:00,20/03/2023 23:00,845
20/03/2023 23:00,21/03/2023 00:00,608
21/03/2023 00:00,21/03/2023 01:00,480
21/03/2023 01:00,21/03/2023 02:00,545
21/03/2023 02:00,21/03/2023 03:00,824
21/03/2023 03:00,21/03/2023 04:00,1275
21/03/2023 04:00,21/03/2023 05:00,1921
21/03/2023 05:00,21/03/2023 06:00,2282
21/03/2023 06:00,21/03/2023 07:00,2571
21/03/2023 07:00,21/03/2023 08:00,2440
21/03/2023 08:00,21/03/2023 09:00,2255
21/03/2023 09:00,21/03/2023 10:00,1937
21/03/2023 10:00,21/03/2023 11:00,1499
21/03/2023 11:00,21/03/2023 12:00,1509
21/03/2023 12:00,21/03/2023 13:00,1821
21/03/2023 13:00,21/03/2023 14:00,2088
21/03/2023 14:00,21/03/2023 15:00,2606
21/03/2023 15:00,21/03/2023 16:00,2873
21/03/2023 16:00,21/03/2023 17:00,2943
21/03/2023 17:00,21/03/2023 18:00,2850
21/03/2023 18:00,21/03/2023 19:00,2564
21/03/2023 19:00,21/03/2023 20:00,2556
21/03/2023 20:00,21/03/2023 21:00,2710
21/03/2023 21:00,21/03/2023 22:00,2684
21/03/2023 22:00,21/03/2023 23:00,2591
21/03/2023 23:00,22/03/2023 00:00,2203
22/03/2023 00:00,22/03/2023 01:00,1771
22/03/2023 01:00,22/03/2023 02:00,1416
22/03/2023 02:00,22/03/2023 03:00,1119
22/03/2023 03:00,22/03/2023 04:00,991
22/03/2023 04:00,22/03/2023 05:00,759
22/03/2023 05:00,22/03/2023 06:00,689
22/03/2023 06:00,22/03/2023 07:00,735
22/03/2023 07:00,22/03/2023 08:00,764
22/03/2023 08:00,22/03/2023 09:00,658
22/03/2023 09:00,22/03/2023 10:00,652
22/03/2023 10:00,22/03/2023 11:00,634
22/03/2023 11:00,22/03/2023 12:00,662
22/03/2023 12:00,22/03/2023 13:00,765
22/03/2023 13:00,22/03/2023 14:00,875
22/03/2023 14:00,22/03/2023 15:00,985
22/03/2023 15:00,22/03/2023 16:00,1116
22/03/2023 16:00,22/03/2023 17:00,1357
22/03/2023 17:00,22/03/2023 18:00,1616
22/03/2023 18:00,22/03/2023 19:00,1873
22/03/2023 19:00,22/03/2023 20:00,2018
22/03/2023 20:00,22/03/2023 21:00,2094
22/03/2023 21:00,22/03/2023 22:00,2018
22/03/2023 22:00,22/03/2023 23:00,2008
22/03/2023 23:00,23/03/2023 00:00,1984
23/03/2023 00:00,23/03/2023 01:00,1970
23/03/2023 01:00,23/03/2023 02:00,2024
23/03/2023 02:00,23/03/2023 03:00,2313
23/03/2023 03:00,23/03/2023 04:00,2688
23/03/2023 04:00,23/03/2023 05:00,3167
23/03/2023 05:00,23/03/2023 06:00,3455
23/03/2023 06:00,23/03/2023 07:00,3730
23/03/2023 07:00,23/03/2023 08:00,3971
23/03/2023 08:00,23/03/2023 09:00,3918
23/03/2023 09:00,23/03/2023 10:00,3690
23/03/2023 10:00,23/03/2023 11:00,3327
23/03/2023 11:00,23/03/2023 12:00,2857
23/03/2023 12:00,23/03/2023 13:00,2448
23/03/2023 13:00,23/03/2023 14:00,2039
23/03/2023 14:00,23/03/2023 15:00,1761
23/03/2023 15:00,23/03/2023 16:00,1454
23/03/2023 16:00,23/03/2023 17:00,1104
23/03/2023 17:00,23/03/2023 18:00,831
23/03/2023 18:00,23/03/2023 19:00,616
23/03/2023 19:00,23/03/2023 20:00,463
23/03/2023 20:00,23/03/2023 21:00,392
23/03/2023 21:00,23/03/2023 22:00,419
23/03/2023 22:00,23/03/2023 23:00,420
23/03/2023 23:00,24/03/2023 00:00,392
24/03/2023 00:00,24/03/2023 01:00,413
24/03/2023 01:00,24/03/2023 02:00,563
24/03/2023 02:00,24/03/2023 03:00,680
24/03/2023 03:00,24/03/2023 04:00,918
24/03/2023 04:00,24/03/2023 05:00,1008
24/03/2023 05:00,24/03/2023 06:00,1036
24/03/2023 06:00,24/03/2023 07:00,1106
24/03/2023 07:00,24/03/2023 08:00,1182
24/03/2023 08:00,24/03/2023 09:00,1453
24/03/2023 09:00,24/03/2023 10:00,1484
24/03/2023 10:00,24/03/2023 11:00,1466
24/03/2023 11:00,24/03/2023 12:00,1365
24/03/2023 12:00,24/03/2023 13:00,1193
24/03/2023 13:00,24/03/2023 14:00,1058
24/03/2023 14:00,24/03/2023 15:00,777
24/03/2023 15:00,24/03/2023 16:00,617
24/03/2023 16:00,24/03/2023 17:00,496
24/03/2023 17:00,24/03/2023 18:00,449
24/03/2023 18:00,24/03/2023 19:00,459
24/03/2023 19:00,24/03/2023 20:00,441
24/03/2023 20:00,24/03/2023 21:00,541
24/03/2023 21:00,24/03/2023 22:00,634
24/03/2023 22:00,24/03/2023 23:00,691
24/03/2023 23:00,25/03/2023 00:00,852
25/03/2023 00:00,25/03/2023 01:00,1113
25/03/2023 01:00,25/03/2023 02:00,1352
25/03/2023 02:00,25/03/2023 03:00,1543
25/03/2023 03:00,25/03/2023 04:00,1946
25/03/2023 04:00,25/03/2023 05:00,2436
25/03/2023 05:00,25/03/2023 06:00,2777
25/03/2023 06:00,25/03/2023 07:00,2821
25/03/2023 07:00,25/03/2023 08:00,2895
25/03/2023 08:00,25/03/2023 09:00,2769
25/03/2023 09:00,25/03/2023 10:00,2099
25/03/2023 10:00,25/03/2023 11:00,1454
25/03/2023 11:00,25/03/2023 12:00,1282
25/03/2023 12:00,25/03/2023 13:00,1364
25/03/2023 13:00,25/03/2023 14:00,1474
25/03/2023 14:00,25/03/2023 15:00,1363
25/03/2023 15:00,25/03/2023 16:00,1243
25/03/2023 16:00,25/03/2023 17:00,1178
25/03/2023 17:00,25/03/2023 18:00,1124
25/03/2023 18:00,25/03/2023 19:00,1024
25/03/2023 19:00,25/03/2023 20:00,1052
25/03/2023 20:00,25/03/2023 21:00,1366
25/03/2023 21:00,25/03/2023 22:00,1707
25/03/2023 22:00,25/03/2023 23:00,1881
25/03/2023 23:00,26/03/2023 00:00,1930
26/03/2023 00:00,26/03/2023 01:00,1829
26/03/2023 01:00,26/03/2023 02:00,1752
26/03/2023 02:00,26/03/2023 03:00,1664
26/03/2023 03:00,26/03/2023 04:00,1498
26/03/2023 04:00,26/03/2023 05:00,1406
26/03/2023 05:00,26/03/2023 06:00,1292
26/03/2023 06:00,26/03/2023 07:00,1266
26/03/2023 07:00,26/03/2023 08:00,1319
26/03/2023 08:00,26/03/2023 09:00,1433
26/03/2023 09:00,26/03/2023 10:00,1303
26/03/2023 10:00,26/03/2023 11:00,1038
26/03/2023 11:00,26/03/2023 12:00,887
26/03/2023 12:00,26/03/2023 13:00,853
26/03/2023 13:00,26/03/2023 14:00,828
26/03/2023 14:00,26/03/2023 15:00,923
26/03/2023 15:00,26/03/2023 16:00,1136
26/03/2023 16:00,26/03/2023 17:00,1311
26/03/2023 17:00,26/03/2023 18:00,1437
26/03/2023 18:00,26/03/2023 19:00,1482
26/03/2023 19:00,26/03/2023 20:00,1662
26/03/2023 20:00,26/03/2023 21:00,2353
26/03/2023 21:00,26/03/2023 22:00,3126
26/03/2023 22:00,26/03/2023 23:00,3651
26/03/2023 23:00,27/03/2023 00:00,3797
27/03/2023 00:00,27/03/2023 01:00,3740
27/03/2023 01:00,27/03/2023 02:00,3750
27/03/2023 02:00,27/03/2023 03:00,3665
27/03/2023 03:00,27/03/2023 04:00,3524
27/03/2023 04:00,27/03/2023 05:00,3576
27/03/2023 05:00,27/03/2023 06:00,3628
27/03/2023 06:00,27/03/2023 07:00,3693
27/03/2023 07:00,27/03/2023 08:00,3615
27/03/2023 08:00,27/03/2023 09:00,3430
27/03/2023 09:00,27/03/2023 10:00,3017
27/03/2023 10:00,27/03/2023 11:00,2362
27/03/2023 11:00,27/03/2023 12:00,2078
27/03/2023 12:00,27/03/2023 13:00,2342
27/03/2023 13:00,27/03/2023 14:00,2640
27/03/2023 14:00,27/03/2023 15:00,2815
27/03/2023 15:00,27/03/2023 16:00,2940
27/03/2023 16:00,27/03/2023 17:00,3094
27/03/2023 17:00,27/03/2023 18:00,3195
27/03/2023 18:00,27/03/2023 19:00,3213
27/03/2023 19:00,27/03/2023 20:00,3414
27/03/2023 20:00,27/03/2023 21:00,3902
27/03/2023 21:00,27/03/2023 22:00,4325
27/03/2023 22:00,27/03/2023 23:00,4374
27/03/2023 23:00,28/03/2023 00:00,4358
28/03/2023 00:00,28/03/2023 01:00,4331
28/03/2023 01:00,28/03/2023 02:00,4171
28/03/2023 02:00,28/03/2023 03:00,4059
28/03/2023 03:00,28/03/2023 04:00,3896
28/03/2023 04:00,28/03/2023 05:00,3737
28/03/2023 05:00,28/03/2023 06:00,3681
28/03/2023 06:00,28/03/2023 07:00,3571
28/03/2023 07:00,28/03/2023 08:00,3536
28/03/2023 08:00,28/03/2023 09:00,3258
28/03/2023 09:00,28/03/2023 10:00,2699
28/03/2023 10:00,28/03/2023 11:00,2120
28/03/2023 11:00,28/03/2023 12:00,1925
28/03/2023 12:00,28/03/2023 13:00,2035
28/03/2023 13:00,28/03/2023 14:00,2230
28/03/2023 14:00,28/03/2023 15:00,2356
28/03/2023 15:00,28/03/2023 16:00,2419
28/03/2023 16:00,28/03/2023 17:00,2518
28/03/2023 17:00,28/03/2023 18:00,2291
28/03/2023 18:00,28/03/2023 19:00,1973
28/03/2023 19:00,28/03/2023 20:00,1935
28/03/2023 20:00,28/03/2023 21:00,1869
28/03/2023 21:00,28/03/2023 22:00,1992
28/03/2023 22:00,28/03/2023 23:00,1934
28/03/2023 23:00,29/03/2023 00:00,1688
29/03/2023 00:00,29/03/2023 01:00,1539
29/03/2023 01:00,29/03/2023 02:00,1420
29/03/2023 02:00,29/03/2023 03:00,1236
29/03/2023 03:00,29/03/2023 04:00,1067
29/03/2023 04:00,29/03/2023 05:00,898
29/03/2023 05:00,29/03/2023 06:00,854
29/03/2023 06:00,29/03/2023 07:00,864
29/03/2023 07:00,29/03/2023 08:00,894
29/03/2023 08:00,29/03/2023 09:00,764
29/03/2023 09:00,29/03/2023 10:00,553
29/03/2023 10:00,29/03/2023 11:00,421
29/03/2023 11:00,29/03/2023 12:00,442
29/03/2023 12:00,29/03/2023 13:00,514
29/03/2023 13:00,29/03/2023 14:00,616
29/03/2023 14:00,29/03/2023 15:00,747
29/03/2023 15:00,29/03/2023 16:00,874
29/03/2023 16:00,29/03/2023 17:00,839
29/03/2023 17:00,29/03/2023 18:00,799
29/03/2023 18:00,29/03/2023 19:00,708
29/03/2023 19:00,29/03/2023 20:00,676
29/03/2023 20:00,29/03/2023 21:00,831
29/03/2023 21:00,29/03/2023 22:00,990
29/03/2023 22:00,29/03/2023 23:00,1180
29/03/2023 23:00,30/03/2023 00:00,1475
30/03/2023 00:00,30/03/2023 01:00,1428
30/03/2023 01:00,30/03/2023 02:00,1211
30/03/2023 02:00,30/03/2023 03:00,1016
30/03/2023 03:00,30/03/2023 04:00,885
30/03/2023 04:00,30/03/2023 05:00,800
30/03/2023 05:00,30/03/2023 06:00,814
30/03/2023 06:00,30/03/2023 07:00,918
30/03/2023 07:00,30/03/2023 08:00,1064
30/03/2023 08:00,30/03/2023 09:00,1137
30/03/2023 09:00,30/03/2023 10:00,1032
30/03/2023 10:00,30/03/2023 11:00,777
30/03/2023 11:00,30/03/2023 12:00,914
30/03/2023 12:00,30/03/2023 13:00,1320
30/03/2023 13:00,30/03/2023 14:00,1511
30/03/2023 14:00,30/03/2023 15:00,1717
30/03/2023 15:00,30/03/2023 16:00,2110
30/03/2023 16:00,30/03/2023 17:00,2161
30/03/2023 17:00,30/03/2023 18:00,2120
30/03/2023 18:00,30/03/2023 19:00,2243
30/03/2023 19:00,30/03/2023 20:00,2148
30/03/2023 20:00,30/03/2023 21:00,2476
30/03/2023 21:00,30/03/2023 22:00,3076
30/03/2023 22:00,30/03/2023 23:00,3545
30/03/2023 23:00,31/03/2023 00:00,3717
31/03/2023 00:00,31/03/2023 01:00,3740
31/03/2023 01:00,31/03/2023 02:00,3716
31/03/2023 02:00,31/03/2023 03:00,3729
31/03/2023 03:00,31/03/2023 04:00,3768
31/03/2023 04:00,31/03/2023 05:00,3736
31/03/2023 05:00,31/03/2023 06:00,3737
31/03/2023 06:00,31/03/2023 07:00,3711
31/03/2023 07:00,31/03/2023 08:00,3561
31/03/2023 08:00,31/03/2023 09:00,2989
31/03/2023 09:00,31/03/2023 10:00,2132
31/03/2023 10:00,31/03/2023 11:00,1694
31/03/2023 11:00,31/03/2023 12:00,1594
31/03/2023 12:00,31/03/2023 13:00,1560
31/03/2023 13:00,31/03/2023 14:00,1598
31/03/2023 14:00,31/03/2023 15:00,1535
31/03/2023 15:00,31/03/2023 16:00,1325
31/03/2023 16:00,31/03/2023 17:00,1320
31/03/2023 17:00,31/03/2023 18:00,1239
31/03/2023 18:00,31/03/2023 19:00,1223
31/03/2023 19:00,31/03/2023 20:00,1156
31/03/2023 20:00,31/03/2023 21:00,1201
31/03/2023 21:00,31/03/2023 22:00,1305
31/03/2023 22:00,31/03/2023 23:00,1337
31/03/2023 23:00,01/04/2023 00:00,1686
01/04/2023 00:00,01/04/2023 01:00,2284
01/04/2023 01:00,01/04/2023 02:00,2680
01/04/2023 02:00,01/04/2023 03:00,2858
01/04/2023 03:00,01/04/2023 04:00,3088
01/04/2023 04:00,01/04/2023 05:00,3416
01/04/2023 05:00,01/04/2023 06:00,3693
01/04/2023 06:00,01/04/2023 07:00,3987
01/04/2023 07:00,01/04/2023 08:00,3950
01/04/2023 08:00,01/04/2023 09:00,3223
01/04/2023 09:00,01/04/2023 10:00,1697
01/04/2023 10:00,01/04/2023 11:00,963
01/04/2023 11:00,01/04/2023 12:00,861
01/04/2023 12:00,01/04/2023 13:00,1140
01/04/2023 13:00,01/04/2023 14:00,1428
01/04/2023 14:00,01/04/2023 15:00,1503
01/04/2023 15:00,01/04/2023 16:00,1512
01/04/2023 16:00,01/04/2023 17:00,1484
01/04/2023 17:00,01/04/2023 18:00,1406
01/04/2023 18:00,01/04/2023 19:00,1395
01/04/2023 19:00,01/04/2023 20:00,1337
01/04/2023 20:00,01/04/2023 21:00,1577
01/04/2023 21:00,01/04/2023 22:00,1802
01/04/2023 22:00,01/04/2023 23:00,2272
01/04/2023 23:00,02/04/2023 00:00,2764
02/04/2023 00:00,02/04/2023 01:00,3032
02/04/2023 01:00,02/04/2023 02:00,3366
02/04/2023 02:00,02/04/2023 03:00,3562
02/04/2023 03:00,02/04/2023 04:00,3618
02/04/2023 04:00,02/04/2023 05:00,3764
02/04/2023 05:00,02/04/2023 06:00,3731
02/04/2023 06:00,02/04/2023 07:00,3766
02/04/2023 07:00,02/04/2023 08:00,3546
02/04/2023 08:00,02/04/2023 09:00,2800
02/04/2023 09:00,02/04/2023 10:00,1722
02/04/2023 10:00,02/04/2023 11:00,1230
02/04/2023 11:00,02/04/2023 12:00,1454
02/04/2023 12:00,02/04/2023 13:00,1699
02/04/2023 13:00,02/04/2023 14:00,1742
02/04/2023 14:00,02/04/2023 15:00,2031
02/04/2023 15:00,02/04/2023 16:00,2224
02/04/2023 16:00,02/04/2023 17:00,2288
02/04/2023 17:00,02/04/2023 18:00,2151
02/04/2023 18:00,02/04/2023 19:00,1889
02/04/2023 19:00,02/04/2023 20:00,1656
02/04/2023 20:00,02/04/2023 21:00,1747
02/04/2023 21:00,02/04/2023 22:00,2085
02/04/2023 22:00,02/04/2023 23:00,2221
02/04/2023 23:00,03/04/2023 00:00,2122
03/04/2023 00:00,03/04/2023 01:00,1935
03/04/2023 01:00,03/04/2023 02:00,1691
03/04/2023 02:00,03/04/2023 03:00,1441
03/04/2023 03:00,03/04/2023 04:00,1208
03/04/2023 04:00,03/04/2023 05:00,1004
03/04/2023 05:00,03/04/2023 06:00,758
03/04/2023 06:00,03/04/2023 07:00,618
03/04/2023 07:00,03/04/2023 08:00,506
03/04/2023 08:00,03/04/2023 09:00,360
03/04/2023 09:00,03/04/2023 10:00,248
03/04/2023 10:00,03/04/2023 11:00,148
03/04/2023 11:00,03/04/2023 12:00,178
03/04/2023 12:00,03/04/2023 13:00,263
03/04/2023 13:00,03/04/2023 14:00,247
03/04/2023 14:00,03/04/2023 15:00,233
03/04/2023 15:00,03/04/2023 16:00,269
03/04/2023 16:00,03/04/2023 17:00,280
03/04/2023 17:00,03/04/2023 18:00,248
03/04/2023 18:00,03/04/2023 19:00,219
03/04/2023 19:00,03/04/2023 20:00,235
03/04/2023 20:00,03/04/2023 21:00,308
03/04/2023 21:00,03/04/2023 22:00,339
03/04/2023 22:00,03/04/2023 23:00,340
03/04/2023 23:00,04/04/2023 00:00,384
04/04/2023 00:00,04/04/2023 01:00,414
04/04/2023 01:00,04/04/2023 02:00,424
04/04/2023 02:00,04/04/2023 03:00,402
04/04/2023 03:00,04/04/2023 04:00,410
04/04/2023 04:00,04/04/2023 05:00,433
04/04/2023 05:00,04/04/2023 06:00,453
04/04/2023 06:00,04/04/2023 07:00,465
04/04/2023 07:00,04/04/2023 08:00,477
04/04/2023 08:00,04/04/2023 09:00,433
04/04/2023 09:00,04/04/2023 10:00,315
04/04/2023 10:00,04/04/2023 11:00,191
04/04/2023 11:00,04/04/2023 12:00,111
04/04/2023 12:00,04/04/2023 13:00,86
04/04/2023 13:00,04/04/2023 14:00,69
04/04/2023 14:00,04/04/2023 15:00,76
04/04/2023 15:00,04/04/2023 16:00,128
04/04/2023 16:00,04/04/2023 17:00,142
04/04/2023 17:00,04/04/2023 18:00,156
04/04/2023 18:00,04/04/2023 19:00,165
04/04/2023 19:00,04/04/2023 20:00,178
04/04/2023 20:00,04/04/2023 21:00,266
04/04/2023 21:00,04/04/2023 22:00,358
04/04/2023 22:00,04/04/2023 23:00,430
04/04/2023 23:00,05/04/2023 00:00,513
05/04/2023 00:00,05/04/2023 01:00,612
05/04/2023 01:00,05/04/2023 02:00,609
05/04/2023 02:00,05/04/2023 03:00,489
05/04/2023 03:00,05/04/2023 04:00,428
05/04/2023 04:00,05/04/2023 05:00,425
05/04/2023 05:00,05/04/2023 06:00,476
05/04/2023 06:00,05/04/2023 07:00,529
05/04/2023 07:00,05/04/2023 08:00,645
05/04/2023 08:00,05/04/2023 09:00,719
05/04/2023 09:00,05/04/2023 10:00,596
05/04/2023 10:00,05/04/2023 11:00,336
05/04/2023 11:00,05/04/2023 12:00,325
05/04/2023 12:00,05/04/2023 13:00,336
05/04/2023 13:00,05/04/2023 14:00,368
05/04/2023 14:00,05/04/2023 15:00,424
05/04/2023 15:00,05/04/2023 16:00,409
05/04/2023 16:00,05/04/2023 17:00,401
05/04/2023 17:00,05/04/2023 18:00,388
05/04/2023 18:00,05/04/2023 19:00,402
05/04/2023 19:00,05/04/2023 20:00,486
05/04/2023 20:00,05/04/2023 21:00,787
05/04/2023 21:00,05/04/2023 22:00,1400
05/04/2023 22:00,05/04/2023 23:00,1953
05/04/2023 23:00,06/04/2023 00:00,2179
06/04/2023 00:00,06/04/2023 01:00,2054
06/04/2023 01:00,06/04/2023 02:00,1757
06/04/2023 02:00,06/04/2023 03:00,1672
06/04/2023 03:00,06/04/2023 04:00,1595
06/04/2023 04:00,06/04/2023 05:00,1394
06/04/2023 05:00,06/04/2023 06:00,1118
06/04/2023 06:00,06/04/2023 07:00,926
06/04/2023 07:00,06/04/2023 08:00,828
06/04/2023 08:00,06/04/2023 09:00,791
06/04/2023 09:00,06/04/2023 10:00,664
06/04/2023 10:00,06/04/2023 11:00,323
06/04/2023 11:00,06/04/2023 12:00,401
06/04/2023 12:00,06/04/2023 13:00,597
06/04/2023 13:00,06/04/2023 14:00,668
06/04/2023 14:00,06/04/2023 15:00,636
06/04/2023 15:00,06/04/2023 16:00,565
06/04/2023 16:00,06/04/2023 17:00,533
06/04/2023 17:00,06/04/2023 18:00,580
06/04/2023 18:00,06/04/2023 19:00,756
06/04/2023 19:00,06/04/2023 20:00,1169
06/04/2023 20:00,06/04/2023 21:00,2012
06/04/2023 21:00,06/04/2023 22:00,3024
06/04/2023 22:00,06/04/2023 23:00,3725
06/04/2023 23:00,07/04/2023 00:00,4222
07/04/2023 00:00,07/04/2023 01:00,4147
07/04/2023 01:00,07/04/2023 02:00,3943
07/04/2023 02:00,07/04/2023 03:00,3801
07/04/2023 03:00,07/04/2023 04:00,3745
07/04/2023 04:00,07/04/2023 05:00,3637
07/04/2023 05:00,07/04/2023 06:00,3538
07/04/2023 06:00,07/04/2023 07:00,3250
07/04/2023 07:00,07/04/2023 08:00,2806
07/04/2023 08:00,07/04/2023 09:00,1929
07/04/2023 09:00,07/04/2023 10:00,889
07/04/2023 10:00,07/04/2023 11:00,498
07/04/2023 11:00,07/04/2023 12:00,611
07/04/2023 12:00,07/04/2023 13:00,958
07/04/2023 13:00,07/04/2023 14:00,1159
07/04/2023 14:00,07/04/2023 15:00,1263
07/04/2023 15:00,07/04/2023 16:00,1323
07/04/2023 16:00,07/04/2023 17:00,1160
07/04/2023 17:00,07/04/2023 18:00,1141
07/04/2023 18:00,07/04/2023 19:00,1301
07/04/2023 19:00,07/04/2023 20:00,1313
07/04/2023 20:00,07/04/2023 21:00,1428
07/04/2023 21:00,07/04/2023 22:00,1457
07/04/2023 22:00,07/04/2023 23:00,1507
07/04/2023 23:00,08/04/2023 00:00,1579
08/04/2023 00:00,08/04/2023 01:00,1520
08/04/2023 01:00,08/04/2023 02:00,1441
08/04/2023 02:00,08/04/2023 03:00,1152
08/04/2023 03:00,08/04/2023 04:00,1067
08/04/2023 04:00,08/04/2023 05:00,867
08/04/2023 05:00,08/04/2023 06:00,693
08/04/2023 06:00,08/04/2023 07:00,620
08/04/2023 07:00,08/04/2023 08:00,537
08/04/2023 08:00,08/04/2023 09:00,672
08/04/2023 09:00,08/04/2023 10:00,586
08/04/2023 10:00,08/04/2023 11:00,330
08/04/2023 11:00,08/04/2023 12:00,290
08/04/2023 12:00,08/04/2023 13:00,297
08/04/2023 13:00,08/04/2023 14:00,274
08/04/2023 14:00,08/04/2023 15:00,281
08/04/2023 15:00,08/04/2023 16:00,290
08/04/2023 16:00,08/04/2023 17:00,291
08/04/2023 17:00,08/04/2023 18:00,238
08/04/2023 18:00,08/04/2023 19:00,191
08/04/2023 19:00,08/04/2023 20:00,192
08/04/2023 20:00,08/04/2023 21:00,320
08/04/2023 21:00,08/04/2023 22:00,419
08/04/2023 22:00,08/04/2023 23:00,486
08/04/2023 23:00,09/04/2023 00:00,532
09/04/2023 00:00,09/04/2023 01:00,580
09/04/2023 01:00,09/04/2023 02:00,612
09/04/2023 02:00,09/04/2023 03:00,651
09/04/2023 03:00,09/04/2023 04:00,740
09/04/2023 04:00,09/04/2023 05:00,803
09/04/2023 05:00,09/04/2023 06:00,951
09/04/2023 06:00,09/04/2023 07:00,1020
09/04/2023 07:00,09/04/2023 08:00,1046
09/04/2023 08:00,09/04/2023 09:00,838
09/04/2023 09:00,09/04/2023 10:00,413
09/04/2023 10:00,09/04/2023 11:00,136
09/04/2023 11:00,09/04/2023 12:00,138
09/04/2023 12:00,09/04/2023 13:00,262
09/04/2023 13:00,09/04/2023 14:00,332
09/04/2023 14:00,09/04/2023 15:00,370
09/04/2023 15:00,09/04/2023 16:00,372
09/04/2023 16:00,09/04/2023 17:00,404
09/04/2023 17:00,09/04/2023 18:00,432
09/04/2023 18:00,09/04/2023 19:00,435
09/04/2023 19:00,09/04/2023 20:00,531
09/04/2023 20:00,09/04/2023 21:00,980
09/04/2023 21:00,09/04/2023 22:00,1604
09/04/2023 22:00,09/04/2023 23:00,2125
09/04/2023 23:00,10/04/2023 00:00,2301
10/04/2023 00:00,10/04/2023 01:00,2295
10/04/2023 01:00,10/04/2023 02:00,2171
10/04/2023 02:00,10/04/2023 03:00,1954
10/04/2023 03:00,10/04/2023 04:00,1809
10/04/2023 04:00,10/04/2023 05:00,1688
10/04/2023 05:00,10/04/2023 06:00,1530
10/04/2023 06:00,10/04/2023 07:00,1129
10/04/2023 07:00,10/04/2023 08:00,731
10/04/2023 08:00,10/04/2023 09:00,420
10/04/2023 09:00,10/04/2023 10:00,130
10/04/2023 10:00,10/04/2023 11:00,31
10/04/2023 11:00,10/04/2023 12:00,37
10/04/2023 12:00,10/04/2023 13:00,136
10/04/2023 13:00,10/04/2023 14:00,223
10/04/2023 14:00,10/04/2023 15:00,265
10/04/2023 15:00,10/04/2023 16:00,242
10/04/2023 16:00,10/04/2023 17:00,227
10/04/2023 17:00,10/04/2023 18:00,153
10/04/2023 18:00,10/04/2023 19:00,106
10/04/2023 19:00,10/04/2023 20:00,71
10/04/2023 20:00,10/04/2023 21:00,256
10/04/2023 21:00,10/04/2023 22:00,497
10/04/2023 22:00,10/04/2023 23:00,481
10/04/2023 23:00,11/04/2023 00:00,455
11/04/2023 00:00,11/04/2023 01:00,419
11/04/2023 01:00,11/04/2023 02:00,452
11/04/2023 02:00,11/04/2023 03:00,511
11/04/2023 03:00,11/04/2023 04:00,618
11/04/2023 04:00,11/04/2023 05:00,669
11/04/2023 05:00,11/04/2023 06:00,735
11/04/2023 06:00,11/04/2023 07:00,672
11/04/2023 07:00,11/04/2023 08:00,584
11/04/2023 08:00,11/04/2023 09:00,461
11/04/2023 09:00,11/04/2023 10:00,270
11/04/2023 10:00,11/04/2023 11:00,120
11/04/2023 11:00,11/04/2023 12:00,78
11/04/2023 12:00,11/04/2023 13:00,109
11/04/2023 13:00,11/04/2023 14:00,175
11/04/2023 14:00,11/04/2023 15:00,233
11/04/2023 15:00,11/04/2023 16:00,237
11/04/2023 16:00,11/04/2023 17:00,237
11/04/2023 17:00,11/04/2023 18:00,280
11/04/2023 18:00,11/04/2023 19:00,333
11/04/2023 19:00,11/04/2023 20:00,491
11/04/2023 20:00,11/04/2023 21:00,813
11/04/2023 21:00,11/04/2023 22:00,1237
11/04/2023 22:00,11/04/2023 23:00,1497
11/04/2023 23:00,12/04/2023 00:00,1488
12/04/2023 00:00,12/04/2023 01:00,1338
12/04/2023 01:00,12/04/2023 02:00,1046
12/04/2023 02:00,12/04/2023 03:00,804
12/04/2023 03:00,12/04/2023 04:00,544
12/04/2023 04:00,12/04/2023 05:00,374
12/04/2023 05:00,12/04/2023 06:00,334
12/04/2023 06:00,12/04/2023 07:00,312
12/04/2023 07:00,12/04/2023 08:00,325
12/04/2023 08:00,12/04/2023 09:00,326
12/04/2023 09:00,12/04/2023 10:00,307
12/04/2023 10:00,12/04/2023 11:00,274
12/04/2023 11:00,12/04/2023 12:00,258
12/04/2023 12:00,12/04/2023 13:00,293
12/04/2023 13:00,12/04/2023 14:00,357
12/04/2023 14:00,12/04/2023 15:00,452
12/04/2023 15:00,12/04/2023 16:00,518
12/04/2023 16:00,12/04/2023 17:00,678
12/04/2023 17:00,12/04/2023 18:00,935
12/04/2023 18:00,12/04/2023 19:00,1265
12/04/2023 19:00,12/04/2023 20:00,1850
12/04/2023 20:00,12/04/2023 21:00,2678
12/04/2023 21:00,12/04/2023 22:00,3325
12/04/2023 22:00,12/04/2023 23:00,3592
12/04/2023 23:00,13/04/2023 00:00,3677
13/04/2023 00:00,13/04/2023 01:00,3997
13/04/2023 01:00,13/04/2023 02:00,4052
13/04/2023 02:00,13/04/2023 03:00,4086
13/04/2023 03:00,13/04/2023 04:00,4104
13/04/2023 04:00,13/04/2023 05:00,4379
13/04/2023 05:00,13/04/2023 06:00,4388
13/04/2023 06:00,13/04/2023 07:00,4431
13/04/2023 07:00,13/04/2023 08:00,4253
13/04/2023 08:00,13/04/2023 09:00,3701
13/04/2023 09:00,13/04/2023 10:00,3184
13/04/2023 10:00,13/04/2023 11:00,2929
13/04/2023 11:00,13/04/2023 12:00,2839
13/04/2023 12:00,13/04/2023 13:00,2980
13/04/2023 13:00,13/04/2023 14:00,3175
13/04/2023 14:00,13/04/2023 15:00,3294
13/04/2023 15:00,13/04/2023 16:00,3398
13/04/2023 16:00,13/04/2023 17:00,3451
13/04/2023 17:00,13/04/2023 18:00,3412
13/04/2023 18:00,13/04/2023 19:00,3538
13/04/2023 19:00,13/04/2023 20:00,3624
13/04/2023 20:00,13/04/2023 21:00,3855
13/04/2023 21:00,13/04/2023 22:00,4354
13/04/2023 22:00,13/04/2023 23:00,4556
13/04/2023 23:00,14/04/2023 00:00,4616
14/04/2023 00:00,14/04/2023 01:00,4573
14/04/2023 01:00,14/04/2023 02:00,4443
14/04/2023 02:00,14/04/2023 03:00,4181
14/04/2023 03:00,14/04/2023 04:00,4097
14/04/2023 04:00,14/04/2023 05:00,4090
14/04/2023 05:00,14/04/2023 06:00,4028
14/04/2023 06:00,14/04/2023 07:00,3886
14/04/2023 07:00,14/04/2023 08:00,3343
14/04/2023 08:00,14/04/2023 09:00,2336
14/04/2023 09:00,14/04/2023 10:00,1697
14/04/2023 10:00,14/04/2023 11:00,1608
14/04/2023 11:00,14/04/2023 12:00,1818
14/04/2023 12:00,14/04/2023 13:00,1963
14/04/2023 13:00,14/04/2023 14:00,1962
14/04/2023 14:00,14/04/2023 15:00,1994
14/04/2023 15:00,14/04/2023 16:00,2088
14/04/2023 16:00,14/04/2023 17:00,2207
14/04/2023 17:00,14/04/2023 18:00,2284
14/04/2023 18:00,14/04/2023 19:00,2269
14/04/2023 19:00,14/04/2023 20:00,2168
14/04/2023 20:00,14/04/2023 21:00,2517
14/04/2023 21:00,14/04/2023 22:00,3408
14/04/2023 22:00,14/04/2023 23:00,3933
14/04/2023 23:00,15/04/2023 00:00,4050
15/04/2023 00:00,15/04/2023 01:00,4004
15/04/2023 01:00,15/04/2023 02:00,3752
15/04/2023 02:00,15/04/2023 03:00,3491
15/04/2023 03:00,15/04/2023 04:00,3268
15/04/2023 04:00,15/04/2023 05:00,2950
15/04/2023 05:00,15/04/2023 06:00,2508
15/04/2023 06:00,15/04/2023 07:00,2309
15/04/2023 07:00,15/04/2023 08:00,1849
15/04/2023 08:00,15/04/2023 09:00,955
15/04/2023 09:00,15/04/2023 10:00,332
15/04/2023 10:00,15/04/2023 11:00,252
15/04/2023 11:00,15/04/2023 12:00,532
15/04/2023 12:00,15/04/2023 13:00,724
15/04/2023 13:00,15/04/2023 14:00,650
15/04/2023 14:00,15/04/2023 15:00,442
15/04/2023 15:00,15/04/2023 16:00,315
15/04/2023 16:00,15/04/2023 17:00,252
15/04/2023 17:00,15/04/2023 18:00,238
15/04/2023 18:00,15/04/2023 19:00,246
15/04/2023 19:00,15/04/2023 20:00,332
15/04/2023 20:00,15/04/2023 21:00,553
15/04/2023 21:00,15/04/2023 22:00,865
15/04/2023 22:00,15/04/2023 23:00,1061
15/04/2023 23:00,16/04/2023 00:00,1158
16/04/2023 00:00,16/04/2023 01:00,1260
16/04/2023 01:00,16/04/2023 02:00,1334
16/04/2023 02:00,16/04/2023 03:00,1177
16/04/2023 03:00,16/04/2023 04:00,868
16/04/2023 04:00,16/04/2023 05:00,548
16/04/2023 05:00,16/04/2023 06:00,317
16/04/2023 06:00,16/04/2023 07:00,181
16/04/2023 07:00,16/04/2023 08:00,184
16/04/2023 08:00,16/04/2023 09:00,178
16/04/2023 09:00,16/04/2023 10:00,87
16/04/2023 10:00,16/04/2023 11:00,82
16/04/2023 11:00,16/04/2023 12:00,142
16/04/2023 12:00,16/04/2023 13:00,118
16/04/2023 13:00,16/04/2023 14:00,78
16/04/2023 14:00,16/04/2023 15:00,68
16/04/2023 15:00,16/04/2023 16:00,94
16/04/2023 16:00,16/04/2023 17:00,143
16/04/2023 17:00,16/04/2023 18:00,190
16/04/2023 18:00,16/04/2023 19:00,169
16/04/2023 19:00,16/04/2023 20:00,180
16/04/2023 20:00,16/04/2023 21:00,290
16/04/2023 21:00,16/04/2023 22:00,439
16/04/2023 22:00,16/04/2023 23:00,460
16/04/2023 23:00,17/04/2023 00:00,418
17/04/2023 00:00,17/04/2023 01:00,328
17/04/2023 01:00,17/04/2023 02:00,229
17/04/2023 02:00,17/04/2023 03:00,137
17/04/2023 03:00,17/04/2023 04:00,78
17/04/2023 04:00,17/04/2023 05:00,61
17/04/2023 05:00,17/04/2023 06:00,91
17/04/2023 06:00,17/04/2023 07:00,147
17/04/2023 07:00,17/04/2023 08:00,151
17/04/2023 08:00,17/04/2023 09:00,116
17/04/2023 09:00,17/04/2023 10:00,52
17/04/2023 10:00,17/04/2023 11:00,20
17/04/2023 11:00,17/04/2023 12:00,30
17/04/2023 12:00,17/04/2023 13:00,67
17/04/2023 13:00,17/04/2023 14:00,125
17/04/2023 14:00,17/04/2023 15:00,255
17/04/2023 15:00,17/04/2023 16:00,409
17/04/2023 16:00,17/04/2023 17:00,481
17/04/2023 17:00,17/04/2023 18:00,572
17/04/2023 18:00,17/04/2023 19:00,644
17/04/2023 19:00,17/04/2023 20:00,684
17/04/2023 20:00,17/04/2023 21:00,803
17/04/2023 21:00,17/04/2023 22:00,1225
17/04/2023 22:00,17/04/2023 23:00,1720
17/04/2023 23:00,18/04/2023 00:00,2135
18/04/2023 00:00,18/04/2023 01:00,2014
18/04/2023 01:00,18/04/2023 02:00,1933
18/04/2023 02:00,18/04/2023 03:00,2128
18/04/2023 03:00,18/04/2023 04:00,2222
18/04/2023 04:00,18/04/2023 05:00,2331
18/04/2023 05:00,18/04/2023 06:00,2364
18/04/2023 06:00,18/04/2023 07:00,2230
18/04/2023 07:00,18/04/2023 08:00,1840
18/04/2023 08:00,18/04/2023 09:00,1182
18/04/2023 09:00,18/04/2023 10:00,499
18/04/2023 10:00,18/04/2023 11:00,429
18/04/2023 11:00,18/04/2023 12:00,894
18/04/2023 12:00,18/04/2023 13:00,1314
18/04/2023 13:00,18/04/2023 14:00,1493
18/04/2023 14:00,18/04/2023 15:00,1518
18/04/2023 15:00,18/04/2023 16:00,1469
18/04/2023 16:00,18/04/2023 17:00,1385
18/04/2023 17:00,18/04/2023 18:00,1284
18/04/2023 18:00,18/04/2023 19:00,1238
18/04/2023 19:00,18/04/2023 20:00,1201
18/04/2023 20:00,18/04/2023 21:00,1220
18/04/2023 21:00,18/04/2023 22:00,1459
18/04/2023 22:00,18/04/2023 23:00,1588
18/04/2023 23:00,19/04/2023 00:00,1528
19/04/2023 00:00,19/04/2023 01:00,1421
19/04/2023 01:00,19/04/2023 02:00,1211
19/04/2023 02:00,19/04/2023 03:00,1077
19/04/2023 03:00,19/04/2023 04:00,853
19/04/2023 04:00,19/04/2023 05:00,681
19/04/2023 05:00,19/04/2023 06:00,704
19/04/2023 06:00,19/04/2023 07:00,819
19/04/2023 07:00,19/04/2023 08:00,966
19/04/2023 08:00,19/04/2023 09:00,1022
19/04/2023 09:00,19/04/2023 10:00,816
19/04/2023 10:00,19/04/2023 11:00,581
19/04/2023 11:00,19/04/2023 12:00,612
19/04/2023 12:00,19/04/2023 13:00,796
19/04/2023 13:00,19/04/2023 14:00,953
19/04/2023 14:00,19/04/2023 15:00,989
19/04/2023 15:00,19/04/2023 16:00,1077
19/04/2023 16:00,19/04/2023 17:00,1103
19/04/2023 17:00,19/04/2023 18:00,1121
19/04/2023 18:00,19/04/2023 19:00,1020
19/04/2023 19:00,19/04/2023 20:00,1092
19/04/2023 20:00,19/04/2023 21:00,1280
19/04/2023 21:00,19/04/2023 22:00,1679
19/04/2023 22:00,19/04/2023 23:00,1927
19/04/2023 23:00,20/04/2023 00:00,2034
20/04/2023 00:00,20/04/2023 01:00,1962
20/04/2023 01:00,20/04/2023 02:00,1695
20/04/2023 02:00,20/04/2023 03:00,1560
20/04/2023 03:00,20/04/2023 04:00,1615
20/04/2023 04:00,20/04/2023 05:00,1762
20/04/2023 05:00,20/04/2023 06:00,1831
20/04/2023 06:00,20/04/2023 07:00,1927
20/04/2023 07:00,20/04/2023 08:00,1761
20/04/2023 08:00,20/04/2023 09:00,1462
20/04/2023 09:00,20/04/2023 10:00,859
20/04/2023 10:00,20/04/2023 11:00,611
20/04/2023 11:00,20/04/2023 12:00,617
20/04/2023 12:00,20/04/2023 13:00,602
20/04/2023 13:00,20/04/2023 14:00,630
20/04/2023 14:00,20/04/2023 15:00,657
20/04/2023 15:00,20/04/2023 16:00,658
20/04/2023 16:00,20/04/2023 17:00,716
20/04/2023 17:00,20/04/2023 18:00,758
20/04/2023 18:00,20/04/2023 19:00,834
20/04/2023 19:00,20/04/2023 20:00,1031
20/04/2023 20:00,20/04/2023 21:00,1426
20/04/2023 21:00,20/04/2023 22:00,1899
20/04/2023 22:00,20/04/2023 23:00,2108
20/04/2023 23:00,21/04/2023 00:00,2268
21/04/2023 00:00,21/04/2023 01:00,2382
21/04/2023 01:00,21/04/2023 02:00,2360
21/04/2023 02:00,21/04/2023 03:00,2151
21/04/2023 03:00,21/04/2023 04:00,1764
21/04/2023 04:00,21/04/2023 05:00,1317
21/04/2023 05:00,21/04/2023 06:00,1037
21/04/2023 06:00,21/04/2023 07:00,1027
21/04/2023 07:00,21/04/2023 08:00,901
21/04/2023 08:00,21/04/2023 09:00,450
21/04/2023 09:00,21/04/2023 10:00,116
21/04/2023 10:00,21/04/2023 11:00,93
21/04/2023 11:00,21/04/2023 12:00,179
21/04/2023 12:00,21/04/2023 13:00,307
21/04/2023 13:00,21/04/2023 14:00,388
21/04/2023 14:00,21/04/2023 15:00,442
21/04/2023 15:00,21/04/2023 16:00,515
21/04/2023 16:00,21/04/2023 17:00,491
21/04/2023 17:00,21/04/2023 18:00,465
21/04/2023 18:00,21/04/2023 19:00,481
21/04/2023 19:00,21/04/2023 20:00,611
21/04/2023 20:00,21/04/2023 21:00,999
21/04/2023 21:00,21/04/2023 22:00,1597
21/04/2023 22:00,21/04/2023 23:00,2197
21/04/2023 23:00,22/04/2023 00:00,2620
22/04/2023 00:00,22/04/2023 01:00,2877
22/04/2023 01:00,22/04/2023 02:00,3063
22/04/2023 02:00,22/04/2023 03:00,2846
22/04/2023 03:00,22/04/2023 04:00,2273
22/04/2023 04:00,22/04/2023 05:00,1814
22/04/2023 05:00,22/04/2023 06:00,1869
22/04/2023 06:00,22/04/2023 07:00,2207
22/04/2023 07:00,22/04/2023 08:00,1893
22/04/2023 08:00,22/04/2023 09:00,1266
22/04/2023 09:00,22/04/2023 10:00,1019
22/04/2023 10:00,22/04/2023 11:00,1030
22/04/2023 11:00,22/04/2023 12:00,1122
22/04/2023 12:00,22/04/2023 13:00,1168
22/04/2023 13:00,22/04/2023 14:00,1191
22/04/2023 14:00,22/04/2023 15:00,1218
22/04/2023 15:00,22/04/2023 16:00,1325
22/04/2023 16:00,22/04/2023 17:00,1386
22/04/2023 17:00,22/04/2023 18:00,1246
22/04/2023 18:00,22/04/2023 19:00,1107
22/04/2023 19:00,22/04/2023 20:00,891
22/04/2023 20:00,22/04/2023 21:00,859
22/04/2023 21:00,22/04/2023 22:00,1070
22/04/2023 22:00,22/04/2023 23:00,1256
22/04/2023 23:00,23/04/2023 00:00,1465
23/04/2023 00:00,23/04/2023 01:00,1603
23/04/2023 01:00,23/04/2023 02:00,1533
23/04/2023 02:00,23/04/2023 03:00,1353
23/04/2023 03:00,23/04/2023 04:00,1208
23/04/2023 04:00,23/04/2023 05:00,1055
23/04/2023 05:00,23/04/2023 06:00,1064
23/04/2023 06:00,23/04/2023 07:00,1045
23/04/2023 07:00,23/04/2023 08:00,886
23/04/2023 08:00,23/04/2023 09:00,747
23/04/2023 09:00,23/04/2023 10:00,727
23/04/2023 10:00,23/04/2023 11:00,799
23/04/2023 11:00,23/04/2023 12:00,792
23/04/2023 12:00,23/04/2023 13:00,862
23/04/2023 13:00,23/04/2023 14:00,939
23/04/2023 14:00,23/04/2023 15:00,920
23/04/2023 15:00,23/04/2023 16:00,972
23/04/2023 16:00,23/04/2023 17:00,933
23/04/2023 17:00,23/04/2023 18:00,1044
23/04/2023 18:00,23/04/2023 19:00,990
23/04/2023 19:00,23/04/2023 20:00,991
23/04/2023 20:00,23/04/2023 21:00,1055
23/04/2023 21:00,23/04/2023 22:00,1127
23/04/2023 22:00,23/04/2023 23:00,1414
23/04/2023 23:00,24/04/2023 00:00,1535
24/04/2023 00:00,24/04/2023 01:00,1919
24/04/2023 01:00,24/04/2023 02:00,2128
24/04/2023 02:00,24/04/2023 03:00,2221
24/04/2023 03:00,24/04/2023 04:00,2200
24/04/2023 04:00,24/04/2023 05:00,2184
24/04/2023 05:00,24/04/2023 06:00,2157
24/04/2023 06:00,24/04/2023 07:00,2112
24/04/2023 07:00,24/04/2023 08:00,2083
24/04/2023 08:00,24/04/2023 09:00,1960
24/04/2023 09:00,24/04/2023 10:00,1804
24/04/2023 10:00,24/04/2023 11:00,1692
24/04/2023 11:00,24/04/2023 12:00,1308
24/04/2023 12:00,24/04/2023 13:00,1021
24/04/2023 13:00,24/04/2023 14:00,927
24/04/2023 14:00,24/04/2023 15:00,791
24/04/2023 15:00,24/04/2023 16:00,620
24/04/2023 16:00,24/04/2023 17:00,430
24/04/2023 17:00,24/04/2023 18:00,353
24/04/2023 18:00,24/04/2023 19:00,260
24/04/2023 19:00,24/04/2023 20:00,315
24/04/2023 20:00,24/04/2023 21:00,423
24/04/2023 21:00,24/04/2023 22:00,587
24/04/2023 22:00,24/04/2023 23:00,665
24/04/2023 23:00,25/04/2023 00:00,698
25/04/2023 00:00,25/04/2023 01:00,662
25/04/2023 01:00,25/04/2023 02:00,710
25/04/2023 02:00,25/04/2023 03:00,806
25/04/2023 03:00,25/04/2023 04:00,978
25/04/2023 04:00,25/04/2023 05:00,1065
25/04/2023 05:00,25/04/2023 06:00,1081
25/04/2023 06:00,25/04/2023 07:00,1308
25/04/2023 07:00,25/04/2023 08:00,1459
25/04/2023 08:00,25/04/2023 09:00,1428
25/04/2023 09:00,25/04/2023 10:00,1354
25/04/2023 10:00,25/04/2023 11:00,1474
25/04/2023 11:00,25/04/2023 12:00,1637
25/04/2023 12:00,25/04/2023 13:00,2002
25/04/2023 13:00,25/04/2023 14:00,2271
25/04/2023 14:00,25/04/2023 15:00,2542
25/04/2023 15:00,25/04/2023 16:00,2705
25/04/2023 16:00,25/04/2023 17:00,2922
25/04/2023 17:00,25/04/2023 18:00,2918
25/04/2023 18:00,25/04/2023 19:00,2976
25/04/2023 19:00,25/04/2023 20:00,3030
25/04/2023 20:00,25/04/2023 21:00,2928
25/04/2023 21:00,25/04/2023 22:00,2731
25/04/2023 22:00,25/04/2023 23:00,2666
25/04/2023 23:00,26/04/2023 00:00,2601
26/04/2023 00:00,26/04/2023 01:00,2441
26/04/2023 01:00,26/04/2023 02:00,2233
26/04/2023 02:00,26/04/2023 03:00,1982
26/04/2023 03:00,26/04/2023 04:00,1761
26/04/2023 04:00,26/04/2023 05:00,1630
26/04/2023 05:00,26/04/2023 06:00,1578
26/04/2023 06:00,26/04/2023 07:00,1469
26/04/2023 07:00,26/04/2023 08:00,1344
26/04/2023 08:00,26/04/2023 09:00,1226
26/04/2023 09:00,26/04/2023 10:00,1227
26/04/2023 10:00,26/04/2023 11:00,1265
26/04/2023 11:00,26/04/2023 12:00,1224
26/04/2023 12:00,26/04/2023 13:00,1202
26/04/2023 13:00,26/04/2023 14:00,1431
26/04/2023 14:00,26/04/2023 15:00,1480
26/04/2023 15:00,26/04/2023 16:00,1582
26/04/2023 16:00,26/04/2023 17:00,1618
26/04/2023 17:00,26/04/2023 18:00,1524
26/04/2023 18:00,26/04/2023 19:00,1304
26/04/2023 19:00,26/04/2023 20:00,1258
26/04/2023 20:00,26/04/2023 21:00,1418
26/04/2023 21:00,26/04/2023 22:00,1259
26/04/2023 22:00,26/04/2023 23:00,1226
26/04/2023 23:00,27/04/2023 00:00,1365
27/04/2023 00:00,27/04/2023 01:00,1743
27/04/2023 01:00,27/04/2023 02:00,1818
27/04/2023 02:00,27/04/2023 03:00,1767
27/04/2023 03:00,27/04/2023 04:00,1736
27/04/2023 04:00,27/04/2023 05:00,1762
27/04/2023 05:00,27/04/2023 06:00,1843
27/04/2023 06:00,27/04/2023 07:00,1683
27/04/2023 07:00,27/04/2023 08:00,1464
27/04/2023 08:00,27/04/2023 09:00,1125
27/04/2023 09:00,27/04/2023 10:00,877
27/04/2023 10:00,27/04/2023 11:00,787
27/04/2023 11:00,27/04/2023 12:00,733
27/04/2023 12:00,27/04/2023 13:00,857
27/04/2023 13:00,27/04/2023 14:00,926
27/04/2023 14:00,27/04/2023 15:00,985
27/04/2023 15:00,27/04/2023 16:00,1075
27/04/2023 16:00,27/04/2023 17:00,1178
27/04/2023 17:00,27/04/2023 18:00,1168
27/04/2023 18:00,27/04/2023 19:00,971
27/04/2023 19:00,27/04/2023 20:00,732
27/04/2023 20:00,27/04/2023 21:00,604
27/04/2023 21:00,27/04/2023 22:00,540
27/04/2023 22:00,27/04/2023 23:00,616
27/04/2023 23:00,28/04/2023 00:00,656
28/04/2023 00:00,28/04/2023 01:00,689
28/04/2023 01:00,28/04/2023 02:00,853
28/04/2023 02:00,28/04/2023 03:00,966
28/04/2023 03:00,28/04/2023 04:00,1096
28/04/2023 04:00,28/04/2023 05:00,1087
28/04/2023 05:00,28/04/2023 06:00,996
28/04/2023 06:00,28/04/2023 07:00,934
28/04/2023 07:00,28/04/2023 08:00,867
28/04/2023 08:00,28/04/2023 09:00,657
28/04/2023 09:00,28/04/2023 10:00,504
28/04/2023 10:00,28/04/2023 11:00,424
28/04/2023 11:00,28/04/2023 12:00,427
28/04/2023 12:00,28/04/2023 13:00,435
28/04/2023 13:00,28/04/2023 14:00,445
28/04/2023 14:00,28/04/2023 15:00,416
28/04/2023 15:00,28/04/2023 16:00,388
28/04/2023 16:00,28/04/2023 17:00,322
28/04/2023 17:00,28/04/2023 18:00,314
28/04/2023 18:00,28/04/2023 19:00,310
28/04/2023 19:00,28/04/2023 20:00,294
28/04/2023 20:00,28/04/2023 21:00,296
28/04/2023 21:00,28/04/2023 22:00,296
28/04/2023 22:00,28/04/2023 23:00,294
28/04/2023 23:00,29/04/2023 00:00,289
29/04/2023 00:00,29/04/2023 01:00,290
29/04/2023 01:00,29/04/2023 02:00,288
29/04/2023 02:00,29/04/2023 03:00,302
29/04/2023 03:00,29/04/2023 04:00,444
29/04/2023 04:00,29/04/2023 05:00,444
29/04/2023 05:00,29/04/2023 06:00,475
29/04/2023 06:00,29/04/2023 07:00,514
29/04/2023 07:00,29/04/2023 08:00,499
29/04/2023 08:00,29/04/2023 09:00,545
29/04/2023 09:00,29/04/2023 10:00,595
29/04/2023 10:00,29/04/2023 11:00,660
29/04/2023 11:00,29/04/2023 12:00,841
29/04/2023 12:00,29/04/2023 13:00,1066
29/04/2023 13:00,29/04/2023 14:00,1194
29/04/2023 14:00,29/04/2023 15:00,1304
29/04/2023 15:00,29/04/2023 16:00,1541
29/04/2023 16:00,29/04/2023 17:00,1557
29/04/2023 17:00,29/04/2023 18:00,1464
29/04/2023 18:00,29/04/2023 19:00,1546
29/04/2023 19:00,29/04/2023 20:00,1432
29/04/2023 20:00,29/04/2023 21:00,1479
29/04/2023 21:00,29/04/2023 22:00,1484
29/04/2023 22:00,29/04/2023 23:00,1902
29/04/2023 23:00,30/04/2023 00:00,2000
30/04/2023 00:00,30/04/2023 01:00,2101
30/04/2023 01:00,30/04/2023 02:00,2342
30/04/2023 02:00,30/04/2023 03:00,2381
30/04/2023 03:00,30/04/2023 04:00,1918
30/04/2023 04:00,30/04/2023 05:00,1644
30/04/2023 05:00,30/04/2023 06:00,1402
30/04/2023 06:00,30/04/2023 07:00,1136
30/04/2023 07:00,30/04/2023 08:00,977
30/04/2023 08:00,30/04/2023 09:00,905
30/04/2023 09:00,30/04/2023 10:00,1014
30/04/2023 10:00,30/04/2023 11:00,1219
30/04/2023 11:00,30/04/2023 12:00,1346
30/04/2023 12:00,30/04/2023 13:00,1295
30/04/2023 13:00,30/04/2023 14:00,1155
30/04/2023 14:00,30/04/2023 15:00,905
30/04/2023 15:00,30/04/2023 16:00,746
30/04/2023 16:00,30/04/2023 17:00,983
30/04/2023 17:00,30/04/2023 18:00,1126
30/04/2023 18:00,30/04/2023 19:00,1367
30/04/2023 19:00,30/04/2023 20:00,1504
30/04/2023 20:00,30/04/2023 21:00,1464
30/04/2023 21:00,30/04/2023 22:00,1588
30/04/2023 22:00,30/04/2023 23:00,1732
30/04/2023 23:00,01/05/2023 00:00,1764
